Observation id	A2A							
								
Media file(s)								
								
Player #1	/Volumes/Untitled/A2A/GX010535.MP4							
Player #1	/Volumes/Untitled/A2A/GX020535.MP4							
Player #1	/Volumes/Untitled/A2A/GX030535.MP4							
Player #1	/Volumes/Untitled/A2A/GX040535.MP4							
Player #1	/Volumes/Untitled/A2A/GX050535.MP4							
								
Observation date	2023-05-01 18:43:12							
								
Description								
								
Time offset (s)	0.000							
								
independent variables								
variable	value							
								
Time	Media file path	Total length	FPS	Subject	Behavior	Behavioral category	Comment	Status
139.826	/Volumes/Untitled/A2A/GX010535.MP4	2888.460	59.94	Dominant	Dig Pot/Substrate	Reproductive		POINT
163.333	/Volumes/Untitled/A2A/GX010535.MP4	2888.460	59.94	Dominant	Dig Pot/Substrate	Reproductive		POINT
178.220	/Volumes/Untitled/A2A/GX010535.MP4	2888.460	59.94	Dominant	Dig Pot/Substrate	Reproductive		POINT
182.335	/Volumes/Untitled/A2A/GX010535.MP4	2888.460	59.94	Dominant	Dig Pot/Substrate	Reproductive		POINT
185.330	/Volumes/Untitled/A2A/GX010535.MP4	2888.460	59.94	Dominant	Dig Pot/Substrate	Reproductive		POINT
186.824	/Volumes/Untitled/A2A/GX010535.MP4	2888.460	59.94	Dominant	Dig Pot/Substrate	Reproductive		POINT
220.582	/Volumes/Untitled/A2A/GX010535.MP4	2888.460	59.94	Dominant	Bite	Aggressive		POINT
232.716	/Volumes/Untitled/A2A/GX010535.MP4	2888.460	59.94	Subordinate	Flee	Other		POINT
232.898	/Volumes/Untitled/A2A/GX010535.MP4	2888.460	59.94	Dominant	Chases Female	Aggressive		POINT
235.441	/Volumes/Untitled/A2A/GX010535.MP4	2888.460	59.94	Dominant	Chases Male	Aggressive		POINT
235.985	/Volumes/Untitled/A2A/GX010535.MP4	2888.460	59.94	Subordinate	Flee	Other		POINT
244.484	/Volumes/Untitled/A2A/GX010535.MP4	2888.460	59.94	Subordinate	Flee	Other		POINT
247.438	/Volumes/Untitled/A2A/GX010535.MP4	2888.460	59.94	Dominant	Chases Male	Aggressive		POINT
247.726	/Volumes/Untitled/A2A/GX010535.MP4	2888.460	59.94	Subordinate	Flee	Other		POINT
248.434	/Volumes/Untitled/A2A/GX010535.MP4	2888.460	59.94	Dominant	Chases Male	Aggressive		POINT
258.995	/Volumes/Untitled/A2A/GX010535.MP4	2888.460	59.94	Subordinate	Flee	Other		POINT
268.427	/Volumes/Untitled/A2A/GX010535.MP4	2888.460	59.94	Dominant	Dig Pot/Substrate	Reproductive		POINT
272.683	/Volumes/Untitled/A2A/GX010535.MP4	2888.460	59.94	Dominant	Dig Pot/Substrate	Reproductive		POINT
274.930	/Volumes/Untitled/A2A/GX010535.MP4	2888.460	59.94	Dominant	Dig Pot/Substrate	Reproductive		POINT
277.932	/Volumes/Untitled/A2A/GX010535.MP4	2888.460	59.94	Dominant	Dig Pot/Substrate	Reproductive		POINT
279.942	/Volumes/Untitled/A2A/GX010535.MP4	2888.460	59.94	Dominant	Dig Pot/Substrate	Reproductive		POINT
280.930	/Volumes/Untitled/A2A/GX010535.MP4	2888.460	59.94	Dominant	Dig Pot/Substrate	Reproductive		POINT
286.435	/Volumes/Untitled/A2A/GX010535.MP4	2888.460	59.94	Dominant	Dig Pot/Substrate	Reproductive		POINT
306.685	/Volumes/Untitled/A2A/GX010535.MP4	2888.460	59.94	Dominant	Dig Pot/Substrate	Reproductive		POINT
315.186	/Volumes/Untitled/A2A/GX010535.MP4	2888.460	59.94	Dominant	Chases Male	Aggressive		POINT
315.990	/Volumes/Untitled/A2A/GX010535.MP4	2888.460	59.94	Subordinate	Flee	Other		POINT
316.749	/Volumes/Untitled/A2A/GX010535.MP4	2888.460	59.94	Subordinate	Flee	Other		POINT
317.178	/Volumes/Untitled/A2A/GX010535.MP4	2888.460	59.94	Dominant	Chases Male	Aggressive		POINT
320.687	/Volumes/Untitled/A2A/GX010535.MP4	2888.460	59.94	Dominant	Chases Male	Aggressive		POINT
320.743	/Volumes/Untitled/A2A/GX010535.MP4	2888.460	59.94	Subordinate	Flee	Other		POINT
321.670	/Volumes/Untitled/A2A/GX010535.MP4	2888.460	59.94	Dominant	Chases Male	Aggressive		POINT
351.433	/Volumes/Untitled/A2A/GX010535.MP4	2888.460	59.94	Dominant	Dig Pot/Substrate	Reproductive		POINT
359.684	/Volumes/Untitled/A2A/GX010535.MP4	2888.460	59.94	Dominant	Dig Pot/Substrate	Reproductive		POINT
368.924	/Volumes/Untitled/A2A/GX010535.MP4	2888.460	59.94	Dominant	Bite	Aggressive		POINT
371.681	/Volumes/Untitled/A2A/GX010535.MP4	2888.460	59.94	Dominant	Chases Male	Aggressive		POINT
373.437	/Volumes/Untitled/A2A/GX010535.MP4	2888.460	59.94	Dominant	Chases Male	Aggressive		POINT
378.931	/Volumes/Untitled/A2A/GX010535.MP4	2888.460	59.94	Dominant	Chases Male	Aggressive		POINT
379.496	/Volumes/Untitled/A2A/GX010535.MP4	2888.460	59.94	Subordinate	Flee	Other		POINT
381.753	/Volumes/Untitled/A2A/GX010535.MP4	2888.460	59.94	Subordinate	Flee	Other		POINT
390.995	/Volumes/Untitled/A2A/GX010535.MP4	2888.460	59.94	Subordinate	Flee	Other		POINT
391.431	/Volumes/Untitled/A2A/GX010535.MP4	2888.460	59.94	Dominant	Chases Male	Aggressive		POINT
399.688	/Volumes/Untitled/A2A/GX010535.MP4	2888.460	59.94	Dominant	Dig Pot/Substrate	Reproductive		POINT
404.431	/Volumes/Untitled/A2A/GX010535.MP4	2888.460	59.94	Dominant	Dig Pot/Substrate	Reproductive		POINT
405.439	/Volumes/Untitled/A2A/GX010535.MP4	2888.460	59.94	Dominant	Dig Pot/Substrate	Reproductive		POINT
408.927	/Volumes/Untitled/A2A/GX010535.MP4	2888.460	59.94	Dominant	Dig Pot/Substrate	Reproductive		POINT
412.185	/Volumes/Untitled/A2A/GX010535.MP4	2888.460	59.94	Dominant	Chases Male	Aggressive		POINT
412.238	/Volumes/Untitled/A2A/GX010535.MP4	2888.460	59.94	Subordinate	Flee	Other		POINT
483.698	/Volumes/Untitled/A2A/GX010535.MP4	2888.460	59.94	Dominant	Dig Pot/Substrate	Reproductive		POINT
488.946	/Volumes/Untitled/A2A/GX010535.MP4	2888.460	59.94	Dominant	Dig Pot/Substrate	Reproductive		POINT
509.947	/Volumes/Untitled/A2A/GX010535.MP4	2888.460	59.94	Dominant	Dig Pot/Substrate	Reproductive		POINT
520.440	/Volumes/Untitled/A2A/GX010535.MP4	2888.460	59.94	Dominant	Dig Pot/Substrate	Reproductive		POINT
527.436	/Volumes/Untitled/A2A/GX010535.MP4	2888.460	59.94	Dominant	Dig Pot/Substrate	Reproductive		POINT
534.443	/Volumes/Untitled/A2A/GX010535.MP4	2888.460	59.94	Dominant	Dig Pot/Substrate	Reproductive		POINT
550.447	/Volumes/Untitled/A2A/GX010535.MP4	2888.460	59.94	Dominant	Dig Pot/Substrate	Reproductive		POINT
552.947	/Volumes/Untitled/A2A/GX010535.MP4	2888.460	59.94	Dominant	Dig Pot/Substrate	Reproductive		POINT
556.945	/Volumes/Untitled/A2A/GX010535.MP4	2888.460	59.94	Dominant	head on head fight	Aggressive		POINT
557.730	/Volumes/Untitled/A2A/GX010535.MP4	2888.460	59.94	Subordinate	head on head fight	Aggressive		POINT
560.935	/Volumes/Untitled/A2A/GX010535.MP4	2888.460	59.94	Dominant	head on head fight	Aggressive		POINT
567.444	/Volumes/Untitled/A2A/GX010535.MP4	2888.460	59.94	Dominant	Dig Pot/Substrate	Reproductive		POINT
571.948	/Volumes/Untitled/A2A/GX010535.MP4	2888.460	59.94	Dominant	Dig Pot/Substrate	Reproductive		POINT
574.445	/Volumes/Untitled/A2A/GX010535.MP4	2888.460	59.94	Dominant	Dig Pot/Substrate	Reproductive		POINT
578.453	/Volumes/Untitled/A2A/GX010535.MP4	2888.460	59.94	Dominant	Dig Pot/Substrate	Reproductive		POINT
579.947	/Volumes/Untitled/A2A/GX010535.MP4	2888.460	59.94	Dominant	Dig Pot/Substrate	Reproductive		POINT
581.443	/Volumes/Untitled/A2A/GX010535.MP4	2888.460	59.94	Dominant	Dig Pot/Substrate	Reproductive		POINT
584.950	/Volumes/Untitled/A2A/GX010535.MP4	2888.460	59.94	Dominant	Dig Pot/Substrate	Reproductive		POINT
597.190	/Volumes/Untitled/A2A/GX010535.MP4	2888.460	59.94	Dominant	Dig Pot/Substrate	Reproductive		POINT
608.195	/Volumes/Untitled/A2A/GX010535.MP4	2888.460	59.94	Dominant	Chases Female	Aggressive	 	POINT
610.947	/Volumes/Untitled/A2A/GX010535.MP4	2888.460	59.94	Dominant	Chases Female	Aggressive		POINT
612.739	/Volumes/Untitled/A2A/GX010535.MP4	2888.460	59.94	Subordinate	Flee	Other		POINT
612.945	/Volumes/Untitled/A2A/GX010535.MP4	2888.460	59.94	Dominant	Chases Female	Aggressive		POINT
618.191	/Volumes/Untitled/A2A/GX010535.MP4	2888.460	59.94	Dominant	Bite	Aggressive		POINT
624.194	/Volumes/Untitled/A2A/GX010535.MP4	2888.460	59.94	Dominant	Chases Male	Aggressive		POINT
628.990	/Volumes/Untitled/A2A/GX010535.MP4	2888.460	59.94	Subordinate	Bite	Aggressive		POINT
633.196	/Volumes/Untitled/A2A/GX010535.MP4	2888.460	59.94	Dominant	Bite	Aggressive		POINT
662.949	/Volumes/Untitled/A2A/GX010535.MP4	2888.460	59.94	Dominant	Dig Pot/Substrate	Reproductive		POINT
667.442	/Volumes/Untitled/A2A/GX010535.MP4	2888.460	59.94	Dominant	Dig Pot/Substrate	Reproductive		POINT
690.221	/Volumes/Untitled/A2A/GX010535.MP4	2888.460	59.94	Subordinate	Flee	Other		POINT
693.448	/Volumes/Untitled/A2A/GX010535.MP4	2888.460	59.94	Dominant	Chases Male	Aggressive		POINT
718.437	/Volumes/Untitled/A2A/GX020535.MP4	2888.460	59.94	Dominant	Chases Male	Aggressive		POINT
721.190	/Volumes/Untitled/A2A/GX020535.MP4	2888.460	59.94	Dominant	Chases Male	Aggressive		POINT
728.941	/Volumes/Untitled/A2A/GX020535.MP4	2888.460	59.94	Dominant	Chases Male	Aggressive		POINT
750.430	/Volumes/Untitled/A2A/GX020535.MP4	2888.460	59.94	Dominant	Chases Male	Aggressive		POINT
752.936	/Volumes/Untitled/A2A/GX020535.MP4	2888.460	59.94	Dominant	Chases Male	Aggressive		POINT
752.997	/Volumes/Untitled/A2A/GX020535.MP4	2888.460	59.94	Subordinate	Flee	Other		POINT
758.943	/Volumes/Untitled/A2A/GX020535.MP4	2888.460	59.94	Dominant	Bite	Aggressive		POINT
762.937	/Volumes/Untitled/A2A/GX020535.MP4	2888.460	59.94	Dominant	Bite	Aggressive		POINT
771.180	/Volumes/Untitled/A2A/GX020535.MP4	2888.460	59.94	Dominant	Bite	Aggressive		POINT
776.938	/Volumes/Untitled/A2A/GX020535.MP4	2888.460	59.94	Dominant	Dig Pot/Substrate	Reproductive		POINT
782.439	/Volumes/Untitled/A2A/GX020535.MP4	2888.460	59.94	Dominant	Dig Pot/Substrate	Reproductive		POINT
787.438	/Volumes/Untitled/A2A/GX020535.MP4	2888.460	59.94	Dominant	Dig Pot/Substrate	Reproductive		POINT
796.939	/Volumes/Untitled/A2A/GX020535.MP4	2888.460	59.94	Dominant	Bite	Aggressive		POINT
797.953	/Volumes/Untitled/A2A/GX020535.MP4	2888.460	59.94	Subordinate	Flee	Other		POINT
799.933	/Volumes/Untitled/A2A/GX020535.MP4	2888.460	59.94	Dominant	Chases Male	Aggressive		POINT
800.707	/Volumes/Untitled/A2A/GX020535.MP4	2888.460	59.94	Subordinate	Flee	Other		POINT
803.436	/Volumes/Untitled/A2A/GX020535.MP4	2888.460	59.94	Dominant	Chases Male	Aggressive		POINT
811.935	/Volumes/Untitled/A2A/GX020535.MP4	2888.460	59.94	Dominant	Bite	Aggressive		POINT
812.948	/Volumes/Untitled/A2A/GX020535.MP4	2888.460	59.94	Subordinate	Flee	Other		POINT
813.191	/Volumes/Untitled/A2A/GX020535.MP4	2888.460	59.94	Dominant	Chases Male	Aggressive		POINT
815.192	/Volumes/Untitled/A2A/GX020535.MP4	2888.460	59.94	Dominant	Chases Male	Aggressive		POINT
819.947	/Volumes/Untitled/A2A/GX020535.MP4	2888.460	59.94	Subordinate	Flee	Other		POINT
820.680	/Volumes/Untitled/A2A/GX020535.MP4	2888.460	59.94	Dominant	Bite	Aggressive		POINT
830.189	/Volumes/Untitled/A2A/GX020535.MP4	2888.460	59.94	Dominant	Chases Male	Aggressive		POINT
831.955	/Volumes/Untitled/A2A/GX020535.MP4	2888.460	59.94	Subordinate	Flee	Other		POINT
834.966	/Volumes/Untitled/A2A/GX020535.MP4	2888.460	59.94	Subordinate	Flee	Other		POINT
835.682	/Volumes/Untitled/A2A/GX020535.MP4	2888.460	59.94	Dominant	Chases Male	Aggressive		POINT
836.703	/Volumes/Untitled/A2A/GX020535.MP4	2888.460	59.94	Subordinate	Flee	Other		POINT
837.427	/Volumes/Untitled/A2A/GX020535.MP4	2888.460	59.94	Dominant	Chases Male	Aggressive		POINT
839.438	/Volumes/Untitled/A2A/GX020535.MP4	2888.460	59.94	Dominant	Dig Pot/Substrate	Reproductive		POINT
849.428	/Volumes/Untitled/A2A/GX020535.MP4	2888.460	59.94	Dominant	Dig Pot/Substrate	Reproductive		POINT
852.937	/Volumes/Untitled/A2A/GX020535.MP4	2888.460	59.94	Dominant	Dig Pot/Substrate	Reproductive		POINT
858.443	/Volumes/Untitled/A2A/GX020535.MP4	2888.460	59.94	Subordinate	Flee	Other		POINT
859.690	/Volumes/Untitled/A2A/GX020535.MP4	2888.460	59.94	Dominant	Chases Male	Aggressive		POINT
861.451	/Volumes/Untitled/A2A/GX020535.MP4	2888.460	59.94	Subordinate	Flee	Other		POINT
865.452	/Volumes/Untitled/A2A/GX020535.MP4	2888.460	59.94	Subordinate	Flee	Other		POINT
867.957	/Volumes/Untitled/A2A/GX020535.MP4	2888.460	59.94	Subordinate	Flee	Other		POINT
868.183	/Volumes/Untitled/A2A/GX020535.MP4	2888.460	59.94	Dominant	Chases Male	Aggressive		POINT
878.934	/Volumes/Untitled/A2A/GX020535.MP4	2888.460	59.94	Dominant	Dig Pot/Substrate	Reproductive		POINT
881.931	/Volumes/Untitled/A2A/GX020535.MP4	2888.460	59.94	Subordinate	Flee	Other		POINT
883.941	/Volumes/Untitled/A2A/GX020535.MP4	2888.460	59.94	Subordinate	Flee	Other		POINT
885.447	/Volumes/Untitled/A2A/GX020535.MP4	2888.460	59.94	Subordinate	Flee	Other		POINT
886.937	/Volumes/Untitled/A2A/GX020535.MP4	2888.460	59.94	Subordinate	Flee	Other		POINT
887.190	/Volumes/Untitled/A2A/GX020535.MP4	2888.460	59.94	Dominant	Chases Male	Aggressive		POINT
891.953	/Volumes/Untitled/A2A/GX020535.MP4	2888.460	59.94	Subordinate	Flee	Other		POINT
892.952	/Volumes/Untitled/A2A/GX020535.MP4	2888.460	59.94	Subordinate	Flee	Other		POINT
895.444	/Volumes/Untitled/A2A/GX020535.MP4	2888.460	59.94	Subordinate	Flee	Other		POINT
900.188	/Volumes/Untitled/A2A/GX020535.MP4	2888.460	59.94	Dominant	Chases Male	Aggressive		POINT
905.185	/Volumes/Untitled/A2A/GX020535.MP4	2888.460	59.94	Dominant	Dig Pot/Substrate	Reproductive		POINT
916.436	/Volumes/Untitled/A2A/GX020535.MP4	2888.460	59.94	Dominant	Dig Pot/Substrate	Reproductive		POINT
919.185	/Volumes/Untitled/A2A/GX020535.MP4	2888.460	59.94	Dominant	Dig Pot/Substrate	Reproductive		POINT
929.190	/Volumes/Untitled/A2A/GX020535.MP4	2888.460	59.94	Dominant	Dig Pot/Substrate	Reproductive		POINT
944.715	/Volumes/Untitled/A2A/GX020535.MP4	2888.460	59.94	Subordinate	Flee	Other		POINT
951.727	/Volumes/Untitled/A2A/GX020535.MP4	2888.460	59.94	Subordinate	Flee	Other		POINT
954.933	/Volumes/Untitled/A2A/GX020535.MP4	2888.460	59.94	Dominant	Bite	Aggressive		POINT
955.715	/Volumes/Untitled/A2A/GX020535.MP4	2888.460	59.94	Subordinate	Flee	Other		POINT
970.438	/Volumes/Untitled/A2A/GX020535.MP4	2888.460	59.94	Dominant	Dig Pot/Substrate	Reproductive		POINT
993.677	/Volumes/Untitled/A2A/GX020535.MP4	2888.460	59.94	Dominant	Dig Pot/Substrate	Reproductive		POINT
1029.684	/Volumes/Untitled/A2A/GX020535.MP4	2888.460	59.94	Dominant	Dig Pot/Substrate	Reproductive		POINT
1043.936	/Volumes/Untitled/A2A/GX020535.MP4	2888.460	59.94	Dominant	Dig Pot/Substrate	Reproductive		POINT
1056.185	/Volumes/Untitled/A2A/GX020535.MP4	2888.460	59.94	Dominant	Bite	Aggressive		POINT
1056.216	/Volumes/Untitled/A2A/GX020535.MP4	2888.460	59.94	Subordinate	Flee	Other		POINT
1058.442	/Volumes/Untitled/A2A/GX020535.MP4	2888.460	59.94	Dominant	Bite	Aggressive		POINT
1058.717	/Volumes/Untitled/A2A/GX020535.MP4	2888.460	59.94	Subordinate	Flee	Other		POINT
1063.439	/Volumes/Untitled/A2A/GX020535.MP4	2888.460	59.94	Dominant	Chases Male	Aggressive		POINT
1063.962	/Volumes/Untitled/A2A/GX020535.MP4	2888.460	59.94	Subordinate	Flee	Other		POINT
1071.939	/Volumes/Untitled/A2A/GX020535.MP4	2888.460	59.94	Dominant	Dig Pot/Substrate	Reproductive		POINT
1078.936	/Volumes/Untitled/A2A/GX020535.MP4	2888.460	59.94	Dominant	Dig Pot/Substrate	Reproductive		POINT
1097.428	/Volumes/Untitled/A2A/GX020535.MP4	2888.460	59.94	Dominant	Bite	Aggressive		POINT
1116.923	/Volumes/Untitled/A2A/GX020535.MP4	2888.460	59.94	Dominant	Dig Pot/Substrate	Reproductive		POINT
1119.684	/Volumes/Untitled/A2A/GX020535.MP4	2888.460	59.94	Dominant	Dig Pot/Substrate	Reproductive		POINT
1122.934	/Volumes/Untitled/A2A/GX020535.MP4	2888.460	59.94	Dominant	Dig Pot/Substrate	Reproductive		POINT
1126.935	/Volumes/Untitled/A2A/GX020535.MP4	2888.460	59.94	Dominant	Dig Pot/Substrate	Reproductive		POINT
1135.977	/Volumes/Untitled/A2A/GX020535.MP4	2888.460	59.94	Subordinate	Flee	Other		POINT
1141.943	/Volumes/Untitled/A2A/GX020535.MP4	2888.460	59.94	Dominant	Bite	Aggressive		POINT
1141.969	/Volumes/Untitled/A2A/GX020535.MP4	2888.460	59.94	Subordinate	Flee	Other		POINT
1155.681	/Volumes/Untitled/A2A/GX020535.MP4	2888.460	59.94	Dominant	Dig Pot/Substrate	Reproductive		POINT
1164.927	/Volumes/Untitled/A2A/GX020535.MP4	2888.460	59.94	Dominant	Dig Pot/Substrate	Reproductive		POINT
1167.935	/Volumes/Untitled/A2A/GX020535.MP4	2888.460	59.94	Dominant	Dig Pot/Substrate	Reproductive		POINT
1171.941	/Volumes/Untitled/A2A/GX020535.MP4	2888.460	59.94	Dominant	Dig Pot/Substrate	Reproductive		POINT
1177.436	/Volumes/Untitled/A2A/GX020535.MP4	2888.460	59.94	Dominant	Dig Pot/Substrate	Reproductive		POINT
1178.943	/Volumes/Untitled/A2A/GX020535.MP4	2888.460	59.94	Dominant	Dig Pot/Substrate	Reproductive		POINT
1182.935	/Volumes/Untitled/A2A/GX020535.MP4	2888.460	59.94	Dominant	Dig Pot/Substrate	Reproductive		POINT
1193.939	/Volumes/Untitled/A2A/GX020535.MP4	2888.460	59.94	Dominant	Dig Pot/Substrate	Reproductive		POINT
1209.686	/Volumes/Untitled/A2A/GX020535.MP4	2888.460	59.94	Dominant	Dig Pot/Substrate	Reproductive		POINT
1216.931	/Volumes/Untitled/A2A/GX020535.MP4	2888.460	59.94	Dominant	Dig Pot/Substrate	Reproductive		POINT
1241.687	/Volumes/Untitled/A2A/GX020535.MP4	2888.460	59.94	Dominant	Dig Pot/Substrate	Reproductive		POINT
1265.443	/Volumes/Untitled/A2A/GX020535.MP4	2888.460	59.94	Dominant	Dig Pot/Substrate	Reproductive		POINT
1274.432	/Volumes/Untitled/A2A/GX020535.MP4	2888.460	59.94	Dominant	Dig Pot/Substrate	Reproductive		POINT
1280.189	/Volumes/Untitled/A2A/GX020535.MP4	2888.460	59.94	Dominant	Dig Pot/Substrate	Reproductive		POINT
1282.681	/Volumes/Untitled/A2A/GX020535.MP4	2888.460	59.94	Dominant	Dig Pot/Substrate	Reproductive		POINT
1285.438	/Volumes/Untitled/A2A/GX020535.MP4	2888.460	59.94	Dominant	Dig Pot/Substrate	Reproductive		POINT
1295.183	/Volumes/Untitled/A2A/GX020535.MP4	2888.460	59.94	Dominant	Dig Pot/Substrate	Reproductive		POINT
1302.939	/Volumes/Untitled/A2A/GX020535.MP4	2888.460	59.94	Dominant	Dig Pot/Substrate	Reproductive		POINT
1311.927	/Volumes/Untitled/A2A/GX020535.MP4	2888.460	59.94	Dominant	Dig Pot/Substrate	Reproductive		POINT
1315.434	/Volumes/Untitled/A2A/GX020535.MP4	2888.460	59.94	Dominant	Dig Pot/Substrate	Reproductive		POINT
1329.931	/Volumes/Untitled/A2A/GX020535.MP4	2888.460	59.94	Dominant	Dig Pot/Substrate	Reproductive		POINT
1348.190	/Volumes/Untitled/A2A/GX020535.MP4	2888.460	59.94	Dominant	Dig Pot/Substrate	Reproductive		POINT
1357.931	/Volumes/Untitled/A2A/GX020535.MP4	2888.460	59.94	Dominant	Chases Male	Aggressive		POINT
1359.183	/Volumes/Untitled/A2A/GX020535.MP4	2888.460	59.94	Dominant	Chases Male	Aggressive		POINT
1359.470	/Volumes/Untitled/A2A/GX020535.MP4	2888.460	59.94	Subordinate	Flee	Other		POINT
1363.467	/Volumes/Untitled/A2A/GX020535.MP4	2888.460	59.94	Subordinate	Flee	Other		POINT
1363.685	/Volumes/Untitled/A2A/GX020535.MP4	2888.460	59.94	Dominant	Chases Male	Aggressive		POINT
1370.186	/Volumes/Untitled/A2A/GX020535.MP4	2888.460	59.94	Dominant	Chases Male	Aggressive		POINT
1374.932	/Volumes/Untitled/A2A/GX020535.MP4	2888.460	59.94	Dominant	Dig Pot/Substrate	Reproductive		POINT
1378.930	/Volumes/Untitled/A2A/GX020535.MP4	2888.460	59.94	Dominant	Dig Pot/Substrate	Reproductive		POINT
1410.695	/Volumes/Untitled/A2A/GX020535.MP4	2888.460	59.94	Dominant	Dig Pot/Substrate	Reproductive		POINT
1448.675	/Volumes/Untitled/A2A/GX030535.MP4	2888.460	59.94	Subordinate	Flee	Other		POINT
1458.397	/Volumes/Untitled/A2A/GX030535.MP4	2888.460	59.94	Dominant	Dig Pot/Substrate	Reproductive		POINT
1466.898	/Volumes/Untitled/A2A/GX030535.MP4	2888.460	59.94	Dominant	Dig Pot/Substrate	Reproductive		POINT
1473.398	/Volumes/Untitled/A2A/GX030535.MP4	2888.460	59.94	Dominant	Dig Pot/Substrate	Reproductive		POINT
1485.890	/Volumes/Untitled/A2A/GX030535.MP4	2888.460	59.94	Dominant	Dig Pot/Substrate	Reproductive		POINT
1488.146	/Volumes/Untitled/A2A/GX030535.MP4	2888.460	59.94	Dominant	Dig Pot/Substrate	Reproductive		POINT
1495.929	/Volumes/Untitled/A2A/GX030535.MP4	2888.460	59.94	Subordinate	Flee	Other		POINT
1496.899	/Volumes/Untitled/A2A/GX030535.MP4	2888.460	59.94	Dominant	Chases Male	Aggressive		POINT
1497.420	/Volumes/Untitled/A2A/GX030535.MP4	2888.460	59.94	Subordinate	Flee	Other		POINT
1505.673	/Volumes/Untitled/A2A/GX030535.MP4	2888.460	59.94	Subordinate	Flee	Other		POINT
1509.896	/Volumes/Untitled/A2A/GX030535.MP4	2888.460	59.94	Dominant	Dig Pot/Substrate	Reproductive		POINT
1512.896	/Volumes/Untitled/A2A/GX030535.MP4	2888.460	59.94	Dominant	Dig Pot/Substrate	Reproductive		POINT
1516.173	/Volumes/Untitled/A2A/GX030535.MP4	2888.460	59.94	Subordinate	Flee	Other		POINT
1526.397	/Volumes/Untitled/A2A/GX030535.MP4	2888.460	59.94	Dominant	Dig Pot/Substrate	Reproductive		POINT
1564.146	/Volumes/Untitled/A2A/GX030535.MP4	2888.460	59.94	Dominant	Dig Pot/Substrate	Reproductive		POINT
1572.891	/Volumes/Untitled/A2A/GX030535.MP4	2888.460	59.94	Dominant	Dig Pot/Substrate	Reproductive		POINT
1579.147	/Volumes/Untitled/A2A/GX030535.MP4	2888.460	59.94	Dominant	Dig Pot/Substrate	Reproductive		POINT
1583.642	/Volumes/Untitled/A2A/GX030535.MP4	2888.460	59.94	Dominant	Dig Pot/Substrate	Reproductive		POINT
1586.135	/Volumes/Untitled/A2A/GX030535.MP4	2888.460	59.94	Dominant	Dig Pot/Substrate	Reproductive		POINT
1600.648	/Volumes/Untitled/A2A/GX030535.MP4	2888.460	59.94	Dominant	Dig Pot/Substrate	Reproductive		POINT
1622.396	/Volumes/Untitled/A2A/GX030535.MP4	2888.460	59.94	Dominant	Dig Pot/Substrate	Reproductive		POINT
1632.647	/Volumes/Untitled/A2A/GX030535.MP4	2888.460	59.94	Dominant	Dig Pot/Substrate	Reproductive		POINT
1638.897	/Volumes/Untitled/A2A/GX030535.MP4	2888.460	59.94	Dominant	Dig Pot/Substrate	Reproductive		POINT
1653.398	/Volumes/Untitled/A2A/GX030535.MP4	2888.460	59.94	Dominant	Chases Male	Aggressive		POINT
1654.427	/Volumes/Untitled/A2A/GX030535.MP4	2888.460	59.94	Subordinate	Flee	Other		POINT
1662.135	/Volumes/Untitled/A2A/GX030535.MP4	2888.460	59.94	Dominant	Dig Pot/Substrate	Reproductive		POINT
1672.647	/Volumes/Untitled/A2A/GX030535.MP4	2888.460	59.94	Dominant	head on head fight	Aggressive		POINT
1674.415	/Volumes/Untitled/A2A/GX030535.MP4	2888.460	59.94	Subordinate	head on head fight	Aggressive		POINT
1680.952	/Volumes/Untitled/A2A/GX030535.MP4	2888.460	59.94	Subordinate	head on head fight	Aggressive		POINT
1682.146	/Volumes/Untitled/A2A/GX030535.MP4	2888.460	59.94	Dominant	head on head fight	Aggressive		POINT
1689.631	/Volumes/Untitled/A2A/GX030535.MP4	2888.460	59.94	Dominant	Dig Pot/Substrate	Reproductive		POINT
1695.398	/Volumes/Untitled/A2A/GX030535.MP4	2888.460	59.94	Dominant	Dig Pot/Substrate	Reproductive		POINT
1703.148	/Volumes/Untitled/A2A/GX030535.MP4	2888.460	59.94	Dominant	Dig Pot/Substrate	Reproductive		POINT
1711.895	/Volumes/Untitled/A2A/GX030535.MP4	2888.460	59.94	Dominant	Dig Pot/Substrate	Reproductive		POINT
1715.649	/Volumes/Untitled/A2A/GX030535.MP4	2888.460	59.94	Dominant	Dig Pot/Substrate	Reproductive		POINT
1718.150	/Volumes/Untitled/A2A/GX030535.MP4	2888.460	59.94	Dominant	Dig Pot/Substrate	Reproductive		POINT
1723.394	/Volumes/Untitled/A2A/GX030535.MP4	2888.460	59.94	Dominant	Dig Pot/Substrate	Reproductive		POINT
1726.646	/Volumes/Untitled/A2A/GX030535.MP4	2888.460	59.94	Dominant	Dig Pot/Substrate	Reproductive		POINT
1730.151	/Volumes/Untitled/A2A/GX030535.MP4	2888.460	59.94	Dominant	Dig Pot/Substrate	Reproductive		POINT
1750.146	/Volumes/Untitled/A2A/GX030535.MP4	2888.460	59.94	Dominant	Dig Pot/Substrate	Reproductive		POINT
1759.646	/Volumes/Untitled/A2A/GX030535.MP4	2888.460	59.94	Dominant	Dig Pot/Substrate	Reproductive		POINT
1766.400	/Volumes/Untitled/A2A/GX030535.MP4	2888.460	59.94	Dominant	Dig Pot/Substrate	Reproductive		POINT
1772.650	/Volumes/Untitled/A2A/GX030535.MP4	2888.460	59.94	Dominant	Dig Pot/Substrate	Reproductive		POINT
1806.150	/Volumes/Untitled/A2A/GX030535.MP4	2888.460	59.94	Dominant	Dig Pot/Substrate	Reproductive		POINT
1827.149	/Volumes/Untitled/A2A/GX030535.MP4	2888.460	59.94	Dominant	Dig Pot/Substrate	Reproductive		POINT
1829.891	/Volumes/Untitled/A2A/GX030535.MP4	2888.460	59.94	Dominant	Dig Pot/Substrate	Reproductive		POINT
1831.654	/Volumes/Untitled/A2A/GX030535.MP4	2888.460	59.94	Dominant	Dig Pot/Substrate	Reproductive		POINT
1906.891	/Volumes/Untitled/A2A/GX030535.MP4	2888.460	59.94	Dominant	Dig Pot/Substrate	Reproductive		POINT
1912.893	/Volumes/Untitled/A2A/GX030535.MP4	2888.460	59.94	Dominant	Bite	Aggressive		POINT
1914.396	/Volumes/Untitled/A2A/GX030535.MP4	2888.460	59.94	Dominant	Dig Pot/Substrate	Reproductive		POINT
1943.656	/Volumes/Untitled/A2A/GX030535.MP4	2888.460	59.94	Dominant	Dig Pot/Substrate	Reproductive		POINT
1948.646	/Volumes/Untitled/A2A/GX030535.MP4	2888.460	59.94	Dominant	Dig Pot/Substrate	Reproductive		POINT
1957.898	/Volumes/Untitled/A2A/GX030535.MP4	2888.460	59.94	Dominant	Dig Pot/Substrate	Reproductive		POINT
1973.398	/Volumes/Untitled/A2A/GX030535.MP4	2888.460	59.94	Dominant	Dig Pot/Substrate	Reproductive		POINT
1976.648	/Volumes/Untitled/A2A/GX030535.MP4	2888.460	59.94	Dominant	Dig Pot/Substrate	Reproductive		POINT
1988.137	/Volumes/Untitled/A2A/GX030535.MP4	2888.460	59.94	Dominant	Dig Pot/Substrate	Reproductive		POINT
1996.899	/Volumes/Untitled/A2A/GX030535.MP4	2888.460	59.94	Dominant	Dig Pot/Substrate	Reproductive		POINT
2005.642	/Volumes/Untitled/A2A/GX030535.MP4	2888.460	59.94	Dominant	Dig Pot/Substrate	Reproductive		POINT
2026.401	/Volumes/Untitled/A2A/GX030535.MP4	2888.460	59.94	Dominant	Dig Pot/Substrate	Reproductive		POINT
2052.396	/Volumes/Untitled/A2A/GX030535.MP4	2888.460	59.94	Dominant	Dig Pot/Substrate	Reproductive		POINT
2055.900	/Volumes/Untitled/A2A/GX030535.MP4	2888.460	59.94	Dominant	Chases Male	Aggressive		POINT
2057.171	/Volumes/Untitled/A2A/GX030535.MP4	2888.460	59.94	Subordinate	Flee	Other		POINT
2073.924	/Volumes/Untitled/A2A/GX030535.MP4	2888.460	59.94	Subordinate	Flee	Other		POINT
2096.656	/Volumes/Untitled/A2A/GX030535.MP4	2888.460	59.94	Subordinate	Flee	Other		POINT
2097.142	/Volumes/Untitled/A2A/GX030535.MP4	2888.460	59.94	Dominant	Chases Male	Aggressive		POINT
2098.897	/Volumes/Untitled/A2A/GX030535.MP4	2888.460	59.94	Dominant	Chases Male	Aggressive		POINT
2101.158	/Volumes/Untitled/A2A/GX030535.MP4	2888.460	59.94	Subordinate	Flee	Other		POINT
2104.392	/Volumes/Untitled/A2A/GX030535.MP4	2888.460	59.94	Dominant	Chases Male	Aggressive		POINT
2104.918	/Volumes/Untitled/A2A/GX030535.MP4	2888.460	59.94	Subordinate	Flee	Other		POINT
2133.109	/Volumes/Untitled/A2A/GX040535.MP4	2888.460	59.94	Subordinate	head on head fight	Aggressive		POINT
2157.853	/Volumes/Untitled/A2A/GX040535.MP4	2888.460	59.94	Subordinate	Bite	Aggressive		POINT
2160.360	/Volumes/Untitled/A2A/GX040535.MP4	2888.460	59.94	Subordinate	head on head fight	Aggressive		POINT
2164.842	/Volumes/Untitled/A2A/GX040535.MP4	2888.460	59.94	Dominant	head on head fight	Aggressive		POINT
2170.841	/Volumes/Untitled/A2A/GX040535.MP4	2888.460	59.94	Dominant	Dig Pot/Substrate	Reproductive		POINT
2178.344	/Volumes/Untitled/A2A/GX040535.MP4	2888.460	59.94	Dominant	Dig Pot/Substrate	Reproductive		POINT
2186.593	/Volumes/Untitled/A2A/GX040535.MP4	2888.460	59.94	Dominant	Dig Pot/Substrate	Reproductive		POINT
2193.347	/Volumes/Untitled/A2A/GX040535.MP4	2888.460	59.94	Dominant	Dig Pot/Substrate	Reproductive		POINT
2200.601	/Volumes/Untitled/A2A/GX040535.MP4	2888.460	59.94	Dominant	Dig Pot/Substrate	Reproductive		POINT
2204.596	/Volumes/Untitled/A2A/GX040535.MP4	2888.460	59.94	Dominant	Dig Pot/Substrate	Reproductive		POINT
2208.597	/Volumes/Untitled/A2A/GX040535.MP4	2888.460	59.94	Dominant	Dig Pot/Substrate	Reproductive		POINT
2222.097	/Volumes/Untitled/A2A/GX040535.MP4	2888.460	59.94	Dominant	Dig Pot/Substrate	Reproductive		POINT
2228.100	/Volumes/Untitled/A2A/GX040535.MP4	2888.460	59.94	Dominant	Dig Pot/Substrate	Reproductive		POINT
2235.103	/Volumes/Untitled/A2A/GX040535.MP4	2888.460	59.94	Dominant	Dig Pot/Substrate	Reproductive		POINT
2242.347	/Volumes/Untitled/A2A/GX040535.MP4	2888.460	59.94	Dominant	Dig Pot/Substrate	Reproductive		POINT
2244.852	/Volumes/Untitled/A2A/GX040535.MP4	2888.460	59.94	Dominant	Chases Male	Aggressive		POINT
2246.612	/Volumes/Untitled/A2A/GX040535.MP4	2888.460	59.94	Subordinate	Flee	Other		POINT
2275.598	/Volumes/Untitled/A2A/GX040535.MP4	2888.460	59.94	Dominant	Dig Pot/Substrate	Reproductive		POINT
2278.349	/Volumes/Untitled/A2A/GX040535.MP4	2888.460	59.94	Dominant	Dig Pot/Substrate	Reproductive		POINT
2279.840	/Volumes/Untitled/A2A/GX040535.MP4	2888.460	59.94	Dominant	Dig Pot/Substrate	Reproductive		POINT
2286.342	/Volumes/Untitled/A2A/GX040535.MP4	2888.460	59.94	Dominant	Dig Pot/Substrate	Reproductive		POINT
2297.343	/Volumes/Untitled/A2A/GX040535.MP4	2888.460	59.94	Dominant	Dig Pot/Substrate	Reproductive		POINT
2300.598	/Volumes/Untitled/A2A/GX040535.MP4	2888.460	59.94	Dominant	Chases Male	Aggressive		POINT
2303.360	/Volumes/Untitled/A2A/GX040535.MP4	2888.460	59.94	Subordinate	Flee	Other		POINT
2306.359	/Volumes/Untitled/A2A/GX040535.MP4	2888.460	59.94	Subordinate	Flee	Other		POINT
2314.604	/Volumes/Untitled/A2A/GX040535.MP4	2888.460	59.94	Subordinate	Flee	Other		POINT
2356.100	/Volumes/Untitled/A2A/GX040535.MP4	2888.460	59.94	Dominant	Dig Pot/Substrate	Reproductive		POINT
2367.603	/Volumes/Untitled/A2A/GX040535.MP4	2888.460	59.94	Dominant	Dig Pot/Substrate	Reproductive		POINT
2371.604	/Volumes/Untitled/A2A/GX040535.MP4	2888.460	59.94	Dominant	Dig Pot/Substrate	Reproductive		POINT
2380.596	/Volumes/Untitled/A2A/GX040535.MP4	2888.460	59.94	Dominant	Dig Pot/Substrate	Reproductive		POINT
2384.092	/Volumes/Untitled/A2A/GX040535.MP4	2888.460	59.94	Dominant	Dig Pot/Substrate	Reproductive		POINT
2389.354	/Volumes/Untitled/A2A/GX040535.MP4	2888.460	59.94	Subordinate	head on head fight	Aggressive		POINT
2391.347	/Volumes/Untitled/A2A/GX040535.MP4	2888.460	59.94	Dominant	head on head fight	Aggressive		POINT
2439.349	/Volumes/Untitled/A2A/GX040535.MP4	2888.460	59.94	Dominant	Dig Pot/Substrate	Reproductive		POINT
2443.098	/Volumes/Untitled/A2A/GX040535.MP4	2888.460	59.94	Dominant	Dig Pot/Substrate	Reproductive		POINT
2447.599	/Volumes/Untitled/A2A/GX040535.MP4	2888.460	59.94	Dominant	Dig Pot/Substrate	Reproductive		POINT
2468.590	/Volumes/Untitled/A2A/GX040535.MP4	2888.460	59.94	Dominant	Dig Pot/Substrate	Reproductive		POINT
2478.854	/Volumes/Untitled/A2A/GX040535.MP4	2888.460	59.94	Dominant	Dig Pot/Substrate	Reproductive		POINT
2490.603	/Volumes/Untitled/A2A/GX040535.MP4	2888.460	59.94	Dominant	Dig Pot/Substrate	Reproductive		POINT
2545.345	/Volumes/Untitled/A2A/GX040535.MP4	2888.460	59.94	Dominant	Dig Pot/Substrate	Reproductive		POINT
2551.595	/Volumes/Untitled/A2A/GX040535.MP4	2888.460	59.94	Dominant	Dig Pot/Substrate	Reproductive		POINT
2557.842	/Volumes/Untitled/A2A/GX040535.MP4	2888.460	59.94	Dominant	Dig Pot/Substrate	Reproductive		POINT
2563.346	/Volumes/Untitled/A2A/GX040535.MP4	2888.460	59.94	Dominant	Dig Pot/Substrate	Reproductive		POINT
2579.603	/Volumes/Untitled/A2A/GX040535.MP4	2888.460	59.94	Subordinate	head on head fight	Aggressive		POINT
2582.849	/Volumes/Untitled/A2A/GX040535.MP4	2888.460	59.94	Dominant	head on head fight	Aggressive		POINT
2582.860	/Volumes/Untitled/A2A/GX040535.MP4	2888.460	59.94	Subordinate	head on head fight	Aggressive		POINT
2586.852	/Volumes/Untitled/A2A/GX040535.MP4	2888.460	59.94	Dominant	head on head fight	Aggressive		POINT
2590.850	/Volumes/Untitled/A2A/GX040535.MP4	2888.460	59.94	Dominant	head on head fight	Aggressive		POINT
2591.360	/Volumes/Untitled/A2A/GX040535.MP4	2888.460	59.94	Subordinate	head on head fight	Aggressive		POINT
2595.351	/Volumes/Untitled/A2A/GX040535.MP4	2888.460	59.94	Dominant	head on head fight	Aggressive		POINT
2612.353	/Volumes/Untitled/A2A/GX040535.MP4	2888.460	59.94	Dominant	Dig Pot/Substrate	Reproductive		POINT
2615.847	/Volumes/Untitled/A2A/GX040535.MP4	2888.460	59.94	Dominant	head on head fight	Aggressive		POINT
2616.613	/Volumes/Untitled/A2A/GX040535.MP4	2888.460	59.94	Subordinate	head on head fight	Aggressive		POINT
2627.842	/Volumes/Untitled/A2A/GX040535.MP4	2888.460	59.94	Dominant	Bite	Aggressive		POINT
2627.870	/Volumes/Untitled/A2A/GX040535.MP4	2888.460	59.94	Subordinate	head on head fight	Aggressive		POINT
2645.371	/Volumes/Untitled/A2A/GX040535.MP4	2888.460	59.94	Subordinate	Bite	Aggressive		POINT
2649.870	/Volumes/Untitled/A2A/GX040535.MP4	2888.460	59.94	Subordinate	Bite	Aggressive		POINT
2665.597	/Volumes/Untitled/A2A/GX040535.MP4	2888.460	59.94	Dominant	Dig Pot/Substrate	Reproductive		POINT
2670.596	/Volumes/Untitled/A2A/GX040535.MP4	2888.460	59.94	Dominant	Dig Pot/Substrate	Reproductive		POINT
2682.095	/Volumes/Untitled/A2A/GX040535.MP4	2888.460	59.94	Dominant	Dig Pot/Substrate	Reproductive		POINT
2685.091	/Volumes/Untitled/A2A/GX040535.MP4	2888.460	59.94	Dominant	Dig Pot/Substrate	Reproductive		POINT
2692.600	/Volumes/Untitled/A2A/GX040535.MP4	2888.460	59.94	Dominant	Dig Pot/Substrate	Reproductive		POINT
2695.849	/Volumes/Untitled/A2A/GX040535.MP4	2888.460	59.94	Dominant	Dig Pot/Substrate	Reproductive		POINT
2703.340	/Volumes/Untitled/A2A/GX040535.MP4	2888.460	59.94	Dominant	Dig Pot/Substrate	Reproductive		POINT
2707.351	/Volumes/Untitled/A2A/GX040535.MP4	2888.460	59.94	Dominant	Dig Pot/Substrate	Reproductive		POINT
2712.343	/Volumes/Untitled/A2A/GX040535.MP4	2888.460	59.94	Dominant	Dig Pot/Substrate	Reproductive		POINT
2715.088	/Volumes/Untitled/A2A/GX040535.MP4	2888.460	59.94	Dominant	Dig Pot/Substrate	Reproductive		POINT
2721.598	/Volumes/Untitled/A2A/GX040535.MP4	2888.460	59.94	Dominant	Dig Pot/Substrate	Reproductive		POINT
2725.601	/Volumes/Untitled/A2A/GX040535.MP4	2888.460	59.94	Dominant	Dig Pot/Substrate	Reproductive		POINT
2731.604	/Volumes/Untitled/A2A/GX040535.MP4	2888.460	59.94	Dominant	Dig Pot/Substrate	Reproductive		POINT
2734.097	/Volumes/Untitled/A2A/GX040535.MP4	2888.460	59.94	Dominant	Dig Pot/Substrate	Reproductive		POINT
2739.101	/Volumes/Untitled/A2A/GX040535.MP4	2888.460	59.94	Dominant	Dig Pot/Substrate	Reproductive		POINT
2740.600	/Volumes/Untitled/A2A/GX040535.MP4	2888.460	59.94	Dominant	Dig Pot/Substrate	Reproductive		POINT
2743.098	/Volumes/Untitled/A2A/GX040535.MP4	2888.460	59.94	Dominant	Dig Pot/Substrate	Reproductive		POINT
2747.579	/Volumes/Untitled/A2A/GX040535.MP4	2888.460	59.94	Dominant	Dig Pot/Substrate	Reproductive		POINT
2750.095	/Volumes/Untitled/A2A/GX040535.MP4	2888.460	59.94	Dominant	Dig Pot/Substrate	Reproductive		POINT
2755.090	/Volumes/Untitled/A2A/GX040535.MP4	2888.460	59.94	Dominant	Dig Pot/Substrate	Reproductive		POINT
2760.094	/Volumes/Untitled/A2A/GX040535.MP4	2888.460	59.94	Dominant	Dig Pot/Substrate	Reproductive		POINT
2767.100	/Volumes/Untitled/A2A/GX040535.MP4	2888.460	59.94	Dominant	Dig Pot/Substrate	Reproductive		POINT
2771.101	/Volumes/Untitled/A2A/GX040535.MP4	2888.460	59.94	Dominant	Dig Pot/Substrate	Reproductive		POINT
2774.102	/Volumes/Untitled/A2A/GX040535.MP4	2888.460	59.94	Dominant	Dig Pot/Substrate	Reproductive		POINT
2778.096	/Volumes/Untitled/A2A/GX040535.MP4	2888.460	59.94	Dominant	Dig Pot/Substrate	Reproductive		POINT
2793.103	/Volumes/Untitled/A2A/GX040535.MP4	2888.460	59.94	Dominant	head on head fight	Aggressive		POINT
2793.118	/Volumes/Untitled/A2A/GX040535.MP4	2888.460	59.94	Subordinate	head on head fight	Aggressive		POINT
2822.841	/Volumes/Untitled/A2A/GX040535.MP4	2888.460	59.94	Dominant	Dig Pot/Substrate	Reproductive		POINT
2856.570	/Volumes/Untitled/A2A/GX050535.MP4	2888.460	59.94	Dominant	Dig Pot/Substrate	Reproductive		POINT
2869.069	/Volumes/Untitled/A2A/GX050535.MP4	2888.460	59.94	Dominant	Dig Pot/Substrate	Reproductive		POINT
