Observation id	Dyad10_A2F_ST								
									
Media file(s)									
									
Player #1	C:/Users/qbiol/Dropbox (Queens College)/2023/Dyad/230313_Dyad10/Yellow/A2F/Videos/GX010537.MP4								
Player #1	C:/Users/qbiol/Dropbox (Queens College)/2023/Dyad/230313_Dyad10/Yellow/A2F/Videos/GX020537.MP4								
Player #1	C:/Users/qbiol/Dropbox (Queens College)/2023/Dyad/230313_Dyad10/Yellow/A2F/Videos/GX030537.MP4								
Player #1	C:/Users/qbiol/Dropbox (Queens College)/2023/Dyad/230313_Dyad10/Yellow/A2F/Videos/GX040537.MP4								
Player #1	C:/Users/qbiol/Dropbox (Queens College)/2023/Dyad/230313_Dyad10/Yellow/A2F/Videos/GX050537.MP4								
									
Observation date	5/19/23 13:45								
									
Description									
									
Time offset (s)	0								
									
independent variables									
variable	value								
									
Time	Media file path	Total length	FPS	Subject	Behavior	Behavioral category	Comment	Status	
15.369	C:/Users/qbiol/Dropbox (Queens College)/2023/Dyad/230313_Dyad10/Yellow/A2F/Videos/GX010537.MP4	3398.61	59.94	Dominant	bite female	Reproductive		POINT	Dominantbite female
60.666	C:/Users/qbiol/Dropbox (Queens College)/2023/Dyad/230313_Dyad10/Yellow/A2F/Videos/GX010537.MP4	3398.61	59.94	Dominant	bite female	Reproductive		POINT	Dominantbite female
82.687	C:/Users/qbiol/Dropbox (Queens College)/2023/Dyad/230313_Dyad10/Yellow/A2F/Videos/GX010537.MP4	3398.61	59.94	Dominant	Chases Female	Aggressive		POINT	DominantChases Female
95.194	C:/Users/qbiol/Dropbox (Queens College)/2023/Dyad/230313_Dyad10/Yellow/A2F/Videos/GX010537.MP4	3398.61	59.94	Dominant	bite female	Reproductive		POINT	Dominantbite female
95.698	C:/Users/qbiol/Dropbox (Queens College)/2023/Dyad/230313_Dyad10/Yellow/A2F/Videos/GX010537.MP4	3398.61	59.94	Dominant	Chases Female	Aggressive		POINT	DominantChases Female
96.703	C:/Users/qbiol/Dropbox (Queens College)/2023/Dyad/230313_Dyad10/Yellow/A2F/Videos/GX010537.MP4	3398.61	59.94	Dominant	bite female	Reproductive		POINT	Dominantbite female
148.253	C:/Users/qbiol/Dropbox (Queens College)/2023/Dyad/230313_Dyad10/Yellow/A2F/Videos/GX010537.MP4	3398.61	59.94	Dominant	bite female	Reproductive		POINT	Dominantbite female
155.757	C:/Users/qbiol/Dropbox (Queens College)/2023/Dyad/230313_Dyad10/Yellow/A2F/Videos/GX010537.MP4	3398.61	59.94	Dominant	bite female	Reproductive		POINT	Dominantbite female
157.761	C:/Users/qbiol/Dropbox (Queens College)/2023/Dyad/230313_Dyad10/Yellow/A2F/Videos/GX010537.MP4	3398.61	59.94	Dominant	bite female	Reproductive		POINT	Dominantbite female
159.762	C:/Users/qbiol/Dropbox (Queens College)/2023/Dyad/230313_Dyad10/Yellow/A2F/Videos/GX010537.MP4	3398.61	59.94	Dominant	bite female	Reproductive		POINT	Dominantbite female
172.525	C:/Users/qbiol/Dropbox (Queens College)/2023/Dyad/230313_Dyad10/Yellow/A2F/Videos/GX010537.MP4	3398.61	59.94	Dominant	bite female	Reproductive		POINT	Dominantbite female
179.23	C:/Users/qbiol/Dropbox (Queens College)/2023/Dyad/230313_Dyad10/Yellow/A2F/Videos/GX010537.MP4	3398.61	59.94	Dominant	Chases Female	Aggressive		POINT	DominantChases Female
180.78	C:/Users/qbiol/Dropbox (Queens College)/2023/Dyad/230313_Dyad10/Yellow/A2F/Videos/GX010537.MP4	3398.61	59.94	Dominant	Quiver Male	Aggressive		POINT	DominantQuiver Male
183.033	C:/Users/qbiol/Dropbox (Queens College)/2023/Dyad/230313_Dyad10/Yellow/A2F/Videos/GX010537.MP4	3398.61	59.94	Dominant	Quiver Male	Aggressive		POINT	DominantQuiver Male
187.731	C:/Users/qbiol/Dropbox (Queens College)/2023/Dyad/230313_Dyad10/Yellow/A2F/Videos/GX010537.MP4	3398.61	59.94	Dominant	Bite	Aggressive		POINT	DominantBite
189.291	C:/Users/qbiol/Dropbox (Queens College)/2023/Dyad/230313_Dyad10/Yellow/A2F/Videos/GX010537.MP4	3398.61	59.94	Subordinate	Flee	Other		POINT	SubordinateFlee
191.8	C:/Users/qbiol/Dropbox (Queens College)/2023/Dyad/230313_Dyad10/Yellow/A2F/Videos/GX010537.MP4	3398.61	59.94	Dominant	bite female	Reproductive		POINT	Dominantbite female
206.144	C:/Users/qbiol/Dropbox (Queens College)/2023/Dyad/230313_Dyad10/Yellow/A2F/Videos/GX010537.MP4	3398.61	59.94	Dominant	bite female	Reproductive		POINT	Dominantbite female
215.314	C:/Users/qbiol/Dropbox (Queens College)/2023/Dyad/230313_Dyad10/Yellow/A2F/Videos/GX010537.MP4	3398.61	59.94	Dominant	Chases Female	Aggressive		POINT	DominantChases Female
226.328	C:/Users/qbiol/Dropbox (Queens College)/2023/Dyad/230313_Dyad10/Yellow/A2F/Videos/GX010537.MP4	3398.61	59.94	Dominant	Bite	Aggressive		POINT	DominantBite
226.829	C:/Users/qbiol/Dropbox (Queens College)/2023/Dyad/230313_Dyad10/Yellow/A2F/Videos/GX010537.MP4	3398.61	59.94	Subordinate	Flee	Other		POINT	SubordinateFlee
237.339	C:/Users/qbiol/Dropbox (Queens College)/2023/Dyad/230313_Dyad10/Yellow/A2F/Videos/GX010537.MP4	3398.61	59.94	Dominant	Bite	Aggressive		POINT	DominantBite
237.841	C:/Users/qbiol/Dropbox (Queens College)/2023/Dyad/230313_Dyad10/Yellow/A2F/Videos/GX010537.MP4	3398.61	59.94	Subordinate	Flee	Other		POINT	SubordinateFlee
241.344	C:/Users/qbiol/Dropbox (Queens College)/2023/Dyad/230313_Dyad10/Yellow/A2F/Videos/GX010537.MP4	3398.61	59.94	Dominant	Chases Female	Aggressive		POINT	DominantChases Female
256.356	C:/Users/qbiol/Dropbox (Queens College)/2023/Dyad/230313_Dyad10/Yellow/A2F/Videos/GX010537.MP4	3398.61	59.94	Dominant	Chases Female	Aggressive		POINT	DominantChases Female
304.157	C:/Users/qbiol/Dropbox (Queens College)/2023/Dyad/230313_Dyad10/Yellow/A2F/Videos/GX010537.MP4	3398.61	59.94	Dominant	Chases Male	Aggressive		POINT	DominantChases Male
304.404	C:/Users/qbiol/Dropbox (Queens College)/2023/Dyad/230313_Dyad10/Yellow/A2F/Videos/GX010537.MP4	3398.61	59.94	Dominant	Bite	Aggressive		POINT	DominantBite
304.908	C:/Users/qbiol/Dropbox (Queens College)/2023/Dyad/230313_Dyad10/Yellow/A2F/Videos/GX010537.MP4	3398.61	59.94	Subordinate	Flee	Other		POINT	SubordinateFlee
314.173	C:/Users/qbiol/Dropbox (Queens College)/2023/Dyad/230313_Dyad10/Yellow/A2F/Videos/GX010537.MP4	3398.61	59.94	Dominant	Quiver Male	Aggressive		POINT	DominantQuiver Male
324.179	C:/Users/qbiol/Dropbox (Queens College)/2023/Dyad/230313_Dyad10/Yellow/A2F/Videos/GX010537.MP4	3398.61	59.94	Dominant	Chases Female	Aggressive		POINT	DominantChases Female
329.431	C:/Users/qbiol/Dropbox (Queens College)/2023/Dyad/230313_Dyad10/Yellow/A2F/Videos/GX010537.MP4	3398.61	59.94	Dominant	bite female	Reproductive		POINT	Dominantbite female
363.213	C:/Users/qbiol/Dropbox (Queens College)/2023/Dyad/230313_Dyad10/Yellow/A2F/Videos/GX010537.MP4	3398.61	59.94	Dominant	Chases Female	Aggressive		POINT	DominantChases Female
368.223	C:/Users/qbiol/Dropbox (Queens College)/2023/Dyad/230313_Dyad10/Yellow/A2F/Videos/GX010537.MP4	3398.61	59.94	Dominant	bite female	Reproductive		POINT	Dominantbite female
382.547	C:/Users/qbiol/Dropbox (Queens College)/2023/Dyad/230313_Dyad10/Yellow/A2F/Videos/GX010537.MP4	3398.61	59.94	Dominant	Chases Female	Aggressive		POINT	DominantChases Female
398.498	C:/Users/qbiol/Dropbox (Queens College)/2023/Dyad/230313_Dyad10/Yellow/A2F/Videos/GX010537.MP4	3398.61	59.94	Dominant	bite female	Reproductive		POINT	Dominantbite female
412.253	C:/Users/qbiol/Dropbox (Queens College)/2023/Dyad/230313_Dyad10/Yellow/A2F/Videos/GX010537.MP4	3398.61	59.94	Dominant	bite female	Reproductive		POINT	Dominantbite female
417.021	C:/Users/qbiol/Dropbox (Queens College)/2023/Dyad/230313_Dyad10/Yellow/A2F/Videos/GX010537.MP4	3398.61	59.94	Dominant	bite female	Reproductive		POINT	Dominantbite female
456.931	C:/Users/qbiol/Dropbox (Queens College)/2023/Dyad/230313_Dyad10/Yellow/A2F/Videos/GX010537.MP4	3398.61	59.94	Subordinate	Entry /Exit Pot	Reproductive		POINT	SubordinateEntry /Exit Pot
466.772	C:/Users/qbiol/Dropbox (Queens College)/2023/Dyad/230313_Dyad10/Yellow/A2F/Videos/GX010537.MP4	3398.61	59.94	Subordinate	Entry /Exit Pot	Reproductive		POINT	SubordinateEntry /Exit Pot
468.073	C:/Users/qbiol/Dropbox (Queens College)/2023/Dyad/230313_Dyad10/Yellow/A2F/Videos/GX010537.MP4	3398.61	59.94	Dominant	Quiver Male	Aggressive		POINT	DominantQuiver Male
474.779	C:/Users/qbiol/Dropbox (Queens College)/2023/Dyad/230313_Dyad10/Yellow/A2F/Videos/GX010537.MP4	3398.61	59.94	Subordinate	bite female	Reproductive		POINT	Subordinatebite female
478.081	C:/Users/qbiol/Dropbox (Queens College)/2023/Dyad/230313_Dyad10/Yellow/A2F/Videos/GX010537.MP4	3398.61	59.94	Dominant	Chases Female	Aggressive		POINT	DominantChases Female
485.976	C:/Users/qbiol/Dropbox (Queens College)/2023/Dyad/230313_Dyad10/Yellow/A2F/Videos/GX010537.MP4	3398.61	59.94	Subordinate	Foraging	Other		POINT	SubordinateForaging
487.842	C:/Users/qbiol/Dropbox (Queens College)/2023/Dyad/230313_Dyad10/Yellow/A2F/Videos/GX010537.MP4	3398.61	59.94	Dominant	Chases Female	Aggressive		POINT	DominantChases Female
491.343	C:/Users/qbiol/Dropbox (Queens College)/2023/Dyad/230313_Dyad10/Yellow/A2F/Videos/GX010537.MP4	3398.61	59.94	Subordinate	bite female	Reproductive		POINT	Subordinatebite female
522.118	C:/Users/qbiol/Dropbox (Queens College)/2023/Dyad/230313_Dyad10/Yellow/A2F/Videos/GX010537.MP4	3398.61	59.94	Dominant	Chases Female	Aggressive		POINT	DominantChases Female
524.939	C:/Users/qbiol/Dropbox (Queens College)/2023/Dyad/230313_Dyad10/Yellow/A2F/Videos/GX010537.MP4	3398.61	59.94	Dominant	Chases Female	Aggressive		POINT	DominantChases Female
526.356	C:/Users/qbiol/Dropbox (Queens College)/2023/Dyad/230313_Dyad10/Yellow/A2F/Videos/GX010537.MP4	3398.61	59.94	Dominant	Chases Male	Aggressive		POINT	DominantChases Male
527.842	C:/Users/qbiol/Dropbox (Queens College)/2023/Dyad/230313_Dyad10/Yellow/A2F/Videos/GX010537.MP4	3398.61	59.94	Subordinate	Flee	Other		POINT	SubordinateFlee
541.393	C:/Users/qbiol/Dropbox (Queens College)/2023/Dyad/230313_Dyad10/Yellow/A2F/Videos/GX010537.MP4	3398.61	59.94	Dominant	Chases Male	Aggressive		POINT	DominantChases Male
541.994	C:/Users/qbiol/Dropbox (Queens College)/2023/Dyad/230313_Dyad10/Yellow/A2F/Videos/GX010537.MP4	3398.61	59.94	Subordinate	Flee	Other		POINT	SubordinateFlee
548.907	C:/Users/qbiol/Dropbox (Queens College)/2023/Dyad/230313_Dyad10/Yellow/A2F/Videos/GX010537.MP4	3398.61	59.94	Dominant	Bite	Aggressive		POINT	DominantBite
548.974	C:/Users/qbiol/Dropbox (Queens College)/2023/Dyad/230313_Dyad10/Yellow/A2F/Videos/GX010537.MP4	3398.61	59.94	Subordinate	Flee	Other		POINT	SubordinateFlee
552.161	C:/Users/qbiol/Dropbox (Queens College)/2023/Dyad/230313_Dyad10/Yellow/A2F/Videos/GX010537.MP4	3398.61	59.94	Dominant	Chases Male	Aggressive		POINT	DominantChases Male
552.654	C:/Users/qbiol/Dropbox (Queens College)/2023/Dyad/230313_Dyad10/Yellow/A2F/Videos/GX010537.MP4	3398.61	59.94	Subordinate	Flee	Other		POINT	SubordinateFlee
573.677	C:/Users/qbiol/Dropbox (Queens College)/2023/Dyad/230313_Dyad10/Yellow/A2F/Videos/GX010537.MP4	3398.61	59.94	Dominant	Chases Female	Aggressive		POINT	DominantChases Female
577.362	C:/Users/qbiol/Dropbox (Queens College)/2023/Dyad/230313_Dyad10/Yellow/A2F/Videos/GX010537.MP4	3398.61	59.94	Dominant	Chases Male	Aggressive		POINT	DominantChases Male
577.514	C:/Users/qbiol/Dropbox (Queens College)/2023/Dyad/230313_Dyad10/Yellow/A2F/Videos/GX010537.MP4	3398.61	59.94	Subordinate	Flee	Other		POINT	SubordinateFlee
583.682	C:/Users/qbiol/Dropbox (Queens College)/2023/Dyad/230313_Dyad10/Yellow/A2F/Videos/GX010537.MP4	3398.61	59.94	Dominant	Chases Female	Aggressive		POINT	DominantChases Female
590.69	C:/Users/qbiol/Dropbox (Queens College)/2023/Dyad/230313_Dyad10/Yellow/A2F/Videos/GX010537.MP4	3398.61	59.94	Subordinate	bite female	Reproductive		POINT	Subordinatebite female
598.453	C:/Users/qbiol/Dropbox (Queens College)/2023/Dyad/230313_Dyad10/Yellow/A2F/Videos/GX010537.MP4	3398.61	59.94	Dominant	Chases Female	Aggressive		POINT	DominantChases Female
602.865	C:/Users/qbiol/Dropbox (Queens College)/2023/Dyad/230313_Dyad10/Yellow/A2F/Videos/GX010537.MP4	3398.61	59.94	Dominant	bite female	Reproductive		POINT	Dominantbite female
628.368	C:/Users/qbiol/Dropbox (Queens College)/2023/Dyad/230313_Dyad10/Yellow/A2F/Videos/GX010537.MP4	3398.61	59.94	Dominant	Chases Female	Aggressive		POINT	DominantChases Female
637.488	C:/Users/qbiol/Dropbox (Queens College)/2023/Dyad/230313_Dyad10/Yellow/A2F/Videos/GX010537.MP4	3398.61	59.94	Dominant	bite female	Reproductive		POINT	Dominantbite female
642.245	C:/Users/qbiol/Dropbox (Queens College)/2023/Dyad/230313_Dyad10/Yellow/A2F/Videos/GX010537.MP4	3398.61	59.94	Subordinate	bite female	Reproductive		POINT	Subordinatebite female
650.243	C:/Users/qbiol/Dropbox (Queens College)/2023/Dyad/230313_Dyad10/Yellow/A2F/Videos/GX010537.MP4	3398.61	59.94	Subordinate	Foraging	Other		POINT	SubordinateForaging
677.249	C:/Users/qbiol/Dropbox (Queens College)/2023/Dyad/230313_Dyad10/Yellow/A2F/Videos/GX010537.MP4	3398.61	59.94	Dominant	Chases Female	Aggressive		POINT	DominantChases Female
680.532	C:/Users/qbiol/Dropbox (Queens College)/2023/Dyad/230313_Dyad10/Yellow/A2F/Videos/GX010537.MP4	3398.61	59.94	Dominant	Chases Female	Aggressive		POINT	DominantChases Female
681.286	C:/Users/qbiol/Dropbox (Queens College)/2023/Dyad/230313_Dyad10/Yellow/A2F/Videos/GX010537.MP4	3398.61	59.94	Dominant	bite female	Reproductive		POINT	Dominantbite female
681.788	C:/Users/qbiol/Dropbox (Queens College)/2023/Dyad/230313_Dyad10/Yellow/A2F/Videos/GX010537.MP4	3398.61	59.94	Dominant	bite female	Reproductive		POINT	Dominantbite female
708.418	C:/Users/qbiol/Dropbox (Queens College)/2023/Dyad/230313_Dyad10/Yellow/A2F/Videos/GX020537.MP4	3398.61	59.94	Subordinate	bite female	Reproductive		POINT	Subordinatebite female
727.332	C:/Users/qbiol/Dropbox (Queens College)/2023/Dyad/230313_Dyad10/Yellow/A2F/Videos/GX020537.MP4	3398.61	59.94	Subordinate	bite female	Reproductive		POINT	Subordinatebite female
785.761	C:/Users/qbiol/Dropbox (Queens College)/2023/Dyad/230313_Dyad10/Yellow/A2F/Videos/GX020537.MP4	3398.61	59.94	Subordinate	Foraging	Other		POINT	SubordinateForaging
787.053	C:/Users/qbiol/Dropbox (Queens College)/2023/Dyad/230313_Dyad10/Yellow/A2F/Videos/GX020537.MP4	3398.61	59.94	Dominant	Chases Female	Aggressive		POINT	DominantChases Female
790.396	C:/Users/qbiol/Dropbox (Queens College)/2023/Dyad/230313_Dyad10/Yellow/A2F/Videos/GX020537.MP4	3398.61	59.94	Dominant	Chases Female	Aggressive		POINT	DominantChases Female
797.894	C:/Users/qbiol/Dropbox (Queens College)/2023/Dyad/230313_Dyad10/Yellow/A2F/Videos/GX020537.MP4	3398.61	59.94	Subordinate	Foraging	Other		POINT	SubordinateForaging
801.304	C:/Users/qbiol/Dropbox (Queens College)/2023/Dyad/230313_Dyad10/Yellow/A2F/Videos/GX020537.MP4	3398.61	59.94	Subordinate	Foraging	Other		POINT	SubordinateForaging
802.906	C:/Users/qbiol/Dropbox (Queens College)/2023/Dyad/230313_Dyad10/Yellow/A2F/Videos/GX020537.MP4	3398.61	59.94	Dominant	bite female	Reproductive		POINT	Dominantbite female
815.389	C:/Users/qbiol/Dropbox (Queens College)/2023/Dyad/230313_Dyad10/Yellow/A2F/Videos/GX020537.MP4	3398.61	59.94	Subordinate	Chases Female	Aggressive		POINT	SubordinateChases Female
825.178	C:/Users/qbiol/Dropbox (Queens College)/2023/Dyad/230313_Dyad10/Yellow/A2F/Videos/GX020537.MP4	3398.61	59.94	Dominant	bite female	Reproductive		POINT	Dominantbite female
831.185	C:/Users/qbiol/Dropbox (Queens College)/2023/Dyad/230313_Dyad10/Yellow/A2F/Videos/GX020537.MP4	3398.61	59.94	Dominant	Chases Male	Aggressive		POINT	DominantChases Male
831.936	C:/Users/qbiol/Dropbox (Queens College)/2023/Dyad/230313_Dyad10/Yellow/A2F/Videos/GX020537.MP4	3398.61	59.94	Subordinate	Flee	Other		POINT	SubordinateFlee
851.209	C:/Users/qbiol/Dropbox (Queens College)/2023/Dyad/230313_Dyad10/Yellow/A2F/Videos/GX020537.MP4	3398.61	59.94	Dominant	Chases Female	Aggressive		POINT	DominantChases Female
854.706	C:/Users/qbiol/Dropbox (Queens College)/2023/Dyad/230313_Dyad10/Yellow/A2F/Videos/GX020537.MP4	3398.61	59.94	Dominant	bite female	Reproductive		POINT	Dominantbite female
856.21	C:/Users/qbiol/Dropbox (Queens College)/2023/Dyad/230313_Dyad10/Yellow/A2F/Videos/GX020537.MP4	3398.61	59.94	Dominant	bite female	Reproductive		POINT	Dominantbite female
863.467	C:/Users/qbiol/Dropbox (Queens College)/2023/Dyad/230313_Dyad10/Yellow/A2F/Videos/GX020537.MP4	3398.61	59.94	Subordinate	bite female	Reproductive		POINT	Subordinatebite female
911.02	C:/Users/qbiol/Dropbox (Queens College)/2023/Dyad/230313_Dyad10/Yellow/A2F/Videos/GX020537.MP4	3398.61	59.94	Subordinate	bite female	Reproductive		POINT	Subordinatebite female
914.021	C:/Users/qbiol/Dropbox (Queens College)/2023/Dyad/230313_Dyad10/Yellow/A2F/Videos/GX020537.MP4	3398.61	59.94	Subordinate	Chases Female	Aggressive		POINT	SubordinateChases Female
915.056	C:/Users/qbiol/Dropbox (Queens College)/2023/Dyad/230313_Dyad10/Yellow/A2F/Videos/GX020537.MP4	3398.61	59.94	Dominant	Foraging	Other		POINT	DominantForaging
921.528	C:/Users/qbiol/Dropbox (Queens College)/2023/Dyad/230313_Dyad10/Yellow/A2F/Videos/GX020537.MP4	3398.61	59.94	Dominant	Entry /Exit Pot	Reproductive		POINT	DominantEntry /Exit Pot
928.777	C:/Users/qbiol/Dropbox (Queens College)/2023/Dyad/230313_Dyad10/Yellow/A2F/Videos/GX020537.MP4	3398.61	59.94	Dominant	Entry /Exit Pot	Reproductive		POINT	DominantEntry /Exit Pot
932.785	C:/Users/qbiol/Dropbox (Queens College)/2023/Dyad/230313_Dyad10/Yellow/A2F/Videos/GX020537.MP4	3398.61	59.94	Dominant	bite female	Reproductive		POINT	Dominantbite female
941.296	C:/Users/qbiol/Dropbox (Queens College)/2023/Dyad/230313_Dyad10/Yellow/A2F/Videos/GX020537.MP4	3398.61	59.94	Dominant	bite female	Reproductive		POINT	Dominantbite female
949.281	C:/Users/qbiol/Dropbox (Queens College)/2023/Dyad/230313_Dyad10/Yellow/A2F/Videos/GX020537.MP4	3398.61	59.94	Dominant	bite female	Reproductive		POINT	Dominantbite female
949.727	C:/Users/qbiol/Dropbox (Queens College)/2023/Dyad/230313_Dyad10/Yellow/A2F/Videos/GX020537.MP4	3398.61	59.94	Subordinate	Foraging	Other		POINT	SubordinateForaging
950.058	C:/Users/qbiol/Dropbox (Queens College)/2023/Dyad/230313_Dyad10/Yellow/A2F/Videos/GX020537.MP4	3398.61	59.94	Dominant	Chases Female	Aggressive		POINT	DominantChases Female
956.358	C:/Users/qbiol/Dropbox (Queens College)/2023/Dyad/230313_Dyad10/Yellow/A2F/Videos/GX020537.MP4	3398.61	59.94	Dominant	Foraging	Other		POINT	DominantForaging
957.307	C:/Users/qbiol/Dropbox (Queens College)/2023/Dyad/230313_Dyad10/Yellow/A2F/Videos/GX020537.MP4	3398.61	59.94	Dominant	Dig Pot/Substrate	Reproductive		POINT	DominantDig Pot/Substrate
958.556	C:/Users/qbiol/Dropbox (Queens College)/2023/Dyad/230313_Dyad10/Yellow/A2F/Videos/GX020537.MP4	3398.61	59.94	Dominant	Dig Pot/Substrate	Reproductive		POINT	DominantDig Pot/Substrate
959.816	C:/Users/qbiol/Dropbox (Queens College)/2023/Dyad/230313_Dyad10/Yellow/A2F/Videos/GX020537.MP4	3398.61	59.94	Dominant	Chases Female	Aggressive		POINT	DominantChases Female
977.827	C:/Users/qbiol/Dropbox (Queens College)/2023/Dyad/230313_Dyad10/Yellow/A2F/Videos/GX020537.MP4	3398.61	59.94	Dominant	Chases Male	Aggressive		POINT	DominantChases Male
978.254	C:/Users/qbiol/Dropbox (Queens College)/2023/Dyad/230313_Dyad10/Yellow/A2F/Videos/GX020537.MP4	3398.61	59.94	Subordinate	Flee	Other		POINT	SubordinateFlee
983.085	C:/Users/qbiol/Dropbox (Queens College)/2023/Dyad/230313_Dyad10/Yellow/A2F/Videos/GX020537.MP4	3398.61	59.94	Dominant	Chases Male	Aggressive		POINT	DominantChases Male
983.13	C:/Users/qbiol/Dropbox (Queens College)/2023/Dyad/230313_Dyad10/Yellow/A2F/Videos/GX020537.MP4	3398.61	59.94	Subordinate	Flee	Other		POINT	SubordinateFlee
1005.866	C:/Users/qbiol/Dropbox (Queens College)/2023/Dyad/230313_Dyad10/Yellow/A2F/Videos/GX020537.MP4	3398.61	59.94	Dominant	Foraging	Other		POINT	DominantForaging
1012.33	C:/Users/qbiol/Dropbox (Queens College)/2023/Dyad/230313_Dyad10/Yellow/A2F/Videos/GX020537.MP4	3398.61	59.94	Dominant	Entry /Exit Pot	Reproductive		POINT	DominantEntry /Exit Pot
1026.617	C:/Users/qbiol/Dropbox (Queens College)/2023/Dyad/230313_Dyad10/Yellow/A2F/Videos/GX020537.MP4	3398.61	59.94	Dominant	Entry /Exit Pot	Reproductive		POINT	DominantEntry /Exit Pot
1027.117	C:/Users/qbiol/Dropbox (Queens College)/2023/Dyad/230313_Dyad10/Yellow/A2F/Videos/GX020537.MP4	3398.61	59.94	Dominant	Chases Female	Aggressive		POINT	DominantChases Female
1027.885	C:/Users/qbiol/Dropbox (Queens College)/2023/Dyad/230313_Dyad10/Yellow/A2F/Videos/GX020537.MP4	3398.61	59.94	Dominant	bite female	Reproductive		POINT	Dominantbite female
1036.893	C:/Users/qbiol/Dropbox (Queens College)/2023/Dyad/230313_Dyad10/Yellow/A2F/Videos/GX020537.MP4	3398.61	59.94	Dominant	Chases Female	Aggressive		POINT	DominantChases Female
1043.366	C:/Users/qbiol/Dropbox (Queens College)/2023/Dyad/230313_Dyad10/Yellow/A2F/Videos/GX020537.MP4	3398.61	59.94	Dominant	Foraging	Other		POINT	DominantForaging
1055.157	C:/Users/qbiol/Dropbox (Queens College)/2023/Dyad/230313_Dyad10/Yellow/A2F/Videos/GX020537.MP4	3398.61	59.94	Dominant	Chases Female	Aggressive		POINT	DominantChases Female
1060.662	C:/Users/qbiol/Dropbox (Queens College)/2023/Dyad/230313_Dyad10/Yellow/A2F/Videos/GX020537.MP4	3398.61	59.94	Dominant	Chases Male	Aggressive		POINT	DominantChases Male
1060.662	C:/Users/qbiol/Dropbox (Queens College)/2023/Dyad/230313_Dyad10/Yellow/A2F/Videos/GX020537.MP4	3398.61	59.94	Subordinate	Flee	Other		POINT	SubordinateFlee
1072.426	C:/Users/qbiol/Dropbox (Queens College)/2023/Dyad/230313_Dyad10/Yellow/A2F/Videos/GX020537.MP4	3398.61	59.94	Subordinate	Foraging	Other		POINT	SubordinateForaging
1073.368	C:/Users/qbiol/Dropbox (Queens College)/2023/Dyad/230313_Dyad10/Yellow/A2F/Videos/GX020537.MP4	3398.61	59.94	Dominant	Foraging	Other		POINT	DominantForaging
1077.687	C:/Users/qbiol/Dropbox (Queens College)/2023/Dyad/230313_Dyad10/Yellow/A2F/Videos/GX020537.MP4	3398.61	59.94	Subordinate	Foraging	Other		POINT	SubordinateForaging
1081.187	C:/Users/qbiol/Dropbox (Queens College)/2023/Dyad/230313_Dyad10/Yellow/A2F/Videos/GX020537.MP4	3398.61	59.94	Dominant	Quiver Male	Aggressive		POINT	DominantQuiver Male
1082.194	C:/Users/qbiol/Dropbox (Queens College)/2023/Dyad/230313_Dyad10/Yellow/A2F/Videos/GX020537.MP4	3398.61	59.94	Dominant	Chases Female	Aggressive		POINT	DominantChases Female
1094.7	C:/Users/qbiol/Dropbox (Queens College)/2023/Dyad/230313_Dyad10/Yellow/A2F/Videos/GX020537.MP4	3398.61	59.94	Dominant	bite female	Reproductive		POINT	Dominantbite female
1098.203	C:/Users/qbiol/Dropbox (Queens College)/2023/Dyad/230313_Dyad10/Yellow/A2F/Videos/GX020537.MP4	3398.61	59.94	Dominant	Chases Female	Aggressive		POINT	DominantChases Female
1100.703	C:/Users/qbiol/Dropbox (Queens College)/2023/Dyad/230313_Dyad10/Yellow/A2F/Videos/GX020537.MP4	3398.61	59.94	Dominant	bite female	Reproductive		POINT	Dominantbite female
1101.705	C:/Users/qbiol/Dropbox (Queens College)/2023/Dyad/230313_Dyad10/Yellow/A2F/Videos/GX020537.MP4	3398.61	59.94	Dominant	Chases Male	Aggressive		POINT	DominantChases Male
1102.459	C:/Users/qbiol/Dropbox (Queens College)/2023/Dyad/230313_Dyad10/Yellow/A2F/Videos/GX020537.MP4	3398.61	59.94	Subordinate	Flee	Other		POINT	SubordinateFlee
1108.962	C:/Users/qbiol/Dropbox (Queens College)/2023/Dyad/230313_Dyad10/Yellow/A2F/Videos/GX020537.MP4	3398.61	59.94	Dominant	Chases Male	Aggressive		POINT	DominantChases Male
1109.489	C:/Users/qbiol/Dropbox (Queens College)/2023/Dyad/230313_Dyad10/Yellow/A2F/Videos/GX020537.MP4	3398.61	59.94	Subordinate	Flee	Other		POINT	SubordinateFlee
1112.223	C:/Users/qbiol/Dropbox (Queens College)/2023/Dyad/230313_Dyad10/Yellow/A2F/Videos/GX020537.MP4	3398.61	59.94	Dominant	bite female	Reproductive		POINT	Dominantbite female
1120.98	C:/Users/qbiol/Dropbox (Queens College)/2023/Dyad/230313_Dyad10/Yellow/A2F/Videos/GX020537.MP4	3398.61	59.94	Dominant	Chases Female	Aggressive		POINT	DominantChases Female
1134.241	C:/Users/qbiol/Dropbox (Queens College)/2023/Dyad/230313_Dyad10/Yellow/A2F/Videos/GX020537.MP4	3398.61	59.94	Dominant	Quiver Male	Aggressive		POINT	DominantQuiver Male
1134.986	C:/Users/qbiol/Dropbox (Queens College)/2023/Dyad/230313_Dyad10/Yellow/A2F/Videos/GX020537.MP4	3398.61	59.94	Dominant	Chases Male	Aggressive		POINT	DominantChases Male
1135.997	C:/Users/qbiol/Dropbox (Queens College)/2023/Dyad/230313_Dyad10/Yellow/A2F/Videos/GX020537.MP4	3398.61	59.94	Subordinate	Flee	Other		POINT	SubordinateFlee
1143.116	C:/Users/qbiol/Dropbox (Queens College)/2023/Dyad/230313_Dyad10/Yellow/A2F/Videos/GX020537.MP4	3398.61	59.94	Dominant	Foraging	Other		POINT	DominantForaging
1146.5	C:/Users/qbiol/Dropbox (Queens College)/2023/Dyad/230313_Dyad10/Yellow/A2F/Videos/GX020537.MP4	3398.61	59.94	Subordinate	Foraging	Other		POINT	SubordinateForaging
1154.76	C:/Users/qbiol/Dropbox (Queens College)/2023/Dyad/230313_Dyad10/Yellow/A2F/Videos/GX020537.MP4	3398.61	59.94	Dominant	Bite	Aggressive		POINT	DominantBite
1155.513	C:/Users/qbiol/Dropbox (Queens College)/2023/Dyad/230313_Dyad10/Yellow/A2F/Videos/GX020537.MP4	3398.61	59.94	Subordinate	Flee	Other		POINT	SubordinateFlee
1159.611	C:/Users/qbiol/Dropbox (Queens College)/2023/Dyad/230313_Dyad10/Yellow/A2F/Videos/GX020537.MP4	3398.61	59.94	Dominant	Foraging	Other		POINT	DominantForaging
1170.777	C:/Users/qbiol/Dropbox (Queens College)/2023/Dyad/230313_Dyad10/Yellow/A2F/Videos/GX020537.MP4	3398.61	59.94	Dominant	Chases Female	Aggressive		POINT	DominantChases Female
1175.028	C:/Users/qbiol/Dropbox (Queens College)/2023/Dyad/230313_Dyad10/Yellow/A2F/Videos/GX020537.MP4	3398.61	59.94	Dominant	Chases Male	Aggressive		POINT	DominantChases Male
1195.785	C:/Users/qbiol/Dropbox (Queens College)/2023/Dyad/230313_Dyad10/Yellow/A2F/Videos/GX020537.MP4	3398.61	59.94	Subordinate	Flee	Other		POINT	SubordinateFlee
1204.309	C:/Users/qbiol/Dropbox (Queens College)/2023/Dyad/230313_Dyad10/Yellow/A2F/Videos/GX020537.MP4	3398.61	59.94	Subordinate	bite female	Reproductive		POINT	Subordinatebite female
1209.315	C:/Users/qbiol/Dropbox (Queens College)/2023/Dyad/230313_Dyad10/Yellow/A2F/Videos/GX020537.MP4	3398.61	59.94	Subordinate	bite female	Reproductive		POINT	Subordinatebite female
1216.819	C:/Users/qbiol/Dropbox (Queens College)/2023/Dyad/230313_Dyad10/Yellow/A2F/Videos/GX020537.MP4	3398.61	59.94	Dominant	bite female	Reproductive		POINT	Dominantbite female
1220.076	C:/Users/qbiol/Dropbox (Queens College)/2023/Dyad/230313_Dyad10/Yellow/A2F/Videos/GX020537.MP4	3398.61	59.94	Dominant	bite female	Reproductive		POINT	Dominantbite female
1225.815	C:/Users/qbiol/Dropbox (Queens College)/2023/Dyad/230313_Dyad10/Yellow/A2F/Videos/GX020537.MP4	3398.61	59.94	Subordinate	Foraging	Other		POINT	SubordinateForaging
1230.232	C:/Users/qbiol/Dropbox (Queens College)/2023/Dyad/230313_Dyad10/Yellow/A2F/Videos/GX020537.MP4	3398.61	59.94	Subordinate	Chases Female	Aggressive		POINT	SubordinateChases Female
1242.597	C:/Users/qbiol/Dropbox (Queens College)/2023/Dyad/230313_Dyad10/Yellow/A2F/Videos/GX020537.MP4	3398.61	59.94	Subordinate	bite female	Reproductive		POINT	Subordinatebite female
1242.638	C:/Users/qbiol/Dropbox (Queens College)/2023/Dyad/230313_Dyad10/Yellow/A2F/Videos/GX020537.MP4	3398.61	59.94	Dominant	Foraging	Other		POINT	DominantForaging
1252.866	C:/Users/qbiol/Dropbox (Queens College)/2023/Dyad/230313_Dyad10/Yellow/A2F/Videos/GX020537.MP4	3398.61	59.94	Dominant	Foraging	Other		POINT	DominantForaging
1267.379	C:/Users/qbiol/Dropbox (Queens College)/2023/Dyad/230313_Dyad10/Yellow/A2F/Videos/GX020537.MP4	3398.61	59.94	Dominant	bite female	Reproductive		POINT	Dominantbite female
1277.618	C:/Users/qbiol/Dropbox (Queens College)/2023/Dyad/230313_Dyad10/Yellow/A2F/Videos/GX020537.MP4	3398.61	59.94	Dominant	Foraging	Other		POINT	DominantForaging
1292.616	C:/Users/qbiol/Dropbox (Queens College)/2023/Dyad/230313_Dyad10/Yellow/A2F/Videos/GX020537.MP4	3398.61	59.94	Dominant	Foraging	Other		POINT	DominantForaging
1318.118	C:/Users/qbiol/Dropbox (Queens College)/2023/Dyad/230313_Dyad10/Yellow/A2F/Videos/GX020537.MP4	3398.61	59.94	Dominant	Foraging	Other		POINT	DominantForaging
1327.577	C:/Users/qbiol/Dropbox (Queens College)/2023/Dyad/230313_Dyad10/Yellow/A2F/Videos/GX020537.MP4	3398.61	59.94	Dominant	Entry /Exit Pot	Reproductive		POINT	DominantEntry /Exit Pot
1329.977	C:/Users/qbiol/Dropbox (Queens College)/2023/Dyad/230313_Dyad10/Yellow/A2F/Videos/GX020537.MP4	3398.61	59.94	Dominant	Entry /Exit Pot	Reproductive		POINT	DominantEntry /Exit Pot
1336.19	C:/Users/qbiol/Dropbox (Queens College)/2023/Dyad/230313_Dyad10/Yellow/A2F/Videos/GX020537.MP4	3398.61	59.94	Dominant	Chases Female	Aggressive		POINT	DominantChases Female
1337.691	C:/Users/qbiol/Dropbox (Queens College)/2023/Dyad/230313_Dyad10/Yellow/A2F/Videos/GX020537.MP4	3398.61	59.94	Dominant	Chases Female	Aggressive		POINT	DominantChases Female
1353.457	C:/Users/qbiol/Dropbox (Queens College)/2023/Dyad/230313_Dyad10/Yellow/A2F/Videos/GX020537.MP4	3398.61	59.94	Subordinate	bite female	Reproductive		POINT	Subordinatebite female
1393.245	C:/Users/qbiol/Dropbox (Queens College)/2023/Dyad/230313_Dyad10/Yellow/A2F/Videos/GX020537.MP4	3398.61	59.94	Dominant	Chases Female	Aggressive		POINT	DominantChases Female
1397.002	C:/Users/qbiol/Dropbox (Queens College)/2023/Dyad/230313_Dyad10/Yellow/A2F/Videos/GX020537.MP4	3398.61	59.94	Dominant	bite female	Reproductive		POINT	Dominantbite female
1400.505	C:/Users/qbiol/Dropbox (Queens College)/2023/Dyad/230313_Dyad10/Yellow/A2F/Videos/GX020537.MP4	3398.61	59.94	Dominant	Chases Male	Aggressive		POINT	DominantChases Male
1403.007	C:/Users/qbiol/Dropbox (Queens College)/2023/Dyad/230313_Dyad10/Yellow/A2F/Videos/GX020537.MP4	3398.61	59.94	Subordinate	Flee	Other		POINT	SubordinateFlee
1410.866	C:/Users/qbiol/Dropbox (Queens College)/2023/Dyad/230313_Dyad10/Yellow/A2F/Videos/GX020537.MP4	3398.61	59.94	Dominant	Foraging	Other		POINT	DominantForaging
1426.031	C:/Users/qbiol/Dropbox (Queens College)/2023/Dyad/230313_Dyad10/Yellow/A2F/Videos/GX030537.MP4	3398.61	59.94	Dominant	bite female	Reproductive		POINT	Dominantbite female
1427.784	C:/Users/qbiol/Dropbox (Queens College)/2023/Dyad/230313_Dyad10/Yellow/A2F/Videos/GX030537.MP4	3398.61	59.94	Subordinate	Foraging	Other		POINT	SubordinateForaging
1432.536	C:/Users/qbiol/Dropbox (Queens College)/2023/Dyad/230313_Dyad10/Yellow/A2F/Videos/GX030537.MP4	3398.61	59.94	Dominant	bite female	Reproductive		POINT	Dominantbite female
1446.335	C:/Users/qbiol/Dropbox (Queens College)/2023/Dyad/230313_Dyad10/Yellow/A2F/Videos/GX030537.MP4	3398.61	59.94	Dominant	Foraging	Other		POINT	DominantForaging
1453.674	C:/Users/qbiol/Dropbox (Queens College)/2023/Dyad/230313_Dyad10/Yellow/A2F/Videos/GX030537.MP4	3398.61	59.94	Dominant	Entry /Exit Pot	Reproductive		POINT	DominantEntry /Exit Pot
1460.325	C:/Users/qbiol/Dropbox (Queens College)/2023/Dyad/230313_Dyad10/Yellow/A2F/Videos/GX030537.MP4	3398.61	59.94	Dominant	Dig Pot/Substrate	Reproductive		POINT	DominantDig Pot/Substrate
1470.676	C:/Users/qbiol/Dropbox (Queens College)/2023/Dyad/230313_Dyad10/Yellow/A2F/Videos/GX030537.MP4	3398.61	59.94	Dominant	Entry /Exit Pot	Reproductive		POINT	DominantEntry /Exit Pot
1471.328	C:/Users/qbiol/Dropbox (Queens College)/2023/Dyad/230313_Dyad10/Yellow/A2F/Videos/GX030537.MP4	3398.61	59.94	Dominant	bite female	Reproductive		POINT	Dominantbite female
1479.04	C:/Users/qbiol/Dropbox (Queens College)/2023/Dyad/230313_Dyad10/Yellow/A2F/Videos/GX030537.MP4	3398.61	59.94	Subordinate	Foraging	Other		POINT	SubordinateForaging
1503.613	C:/Users/qbiol/Dropbox (Queens College)/2023/Dyad/230313_Dyad10/Yellow/A2F/Videos/GX030537.MP4	3398.61	59.94	Dominant	Entry /Exit Pot	Reproductive		POINT	DominantEntry /Exit Pot
1505.573	C:/Users/qbiol/Dropbox (Queens College)/2023/Dyad/230313_Dyad10/Yellow/A2F/Videos/GX030537.MP4	3398.61	59.94	Dominant	Dig Pot/Substrate	Reproductive		POINT	DominantDig Pot/Substrate
1521.359	C:/Users/qbiol/Dropbox (Queens College)/2023/Dyad/230313_Dyad10/Yellow/A2F/Videos/GX030537.MP4	3398.61	59.94	Dominant	Entry /Exit Pot	Reproductive		POINT	DominantEntry /Exit Pot
1521.683	C:/Users/qbiol/Dropbox (Queens College)/2023/Dyad/230313_Dyad10/Yellow/A2F/Videos/GX030537.MP4	3398.61	59.94	Dominant	Chases Male	Aggressive		POINT	DominantChases Male
1523.541	C:/Users/qbiol/Dropbox (Queens College)/2023/Dyad/230313_Dyad10/Yellow/A2F/Videos/GX030537.MP4	3398.61	59.94	Subordinate	Flee	Other		POINT	SubordinateFlee
1524.381	C:/Users/qbiol/Dropbox (Queens College)/2023/Dyad/230313_Dyad10/Yellow/A2F/Videos/GX030537.MP4	3398.61	59.94	Dominant	Chases Male	Aggressive		POINT	DominantChases Male
1525.543	C:/Users/qbiol/Dropbox (Queens College)/2023/Dyad/230313_Dyad10/Yellow/A2F/Videos/GX030537.MP4	3398.61	59.94	Subordinate	Flee	Other		POINT	SubordinateFlee
1528.391	C:/Users/qbiol/Dropbox (Queens College)/2023/Dyad/230313_Dyad10/Yellow/A2F/Videos/GX030537.MP4	3398.61	59.94	Subordinate	Flee	Other		POINT	SubordinateFlee
1529.383	C:/Users/qbiol/Dropbox (Queens College)/2023/Dyad/230313_Dyad10/Yellow/A2F/Videos/GX030537.MP4	3398.61	59.94	Dominant	Bite	Aggressive		POINT	DominantBite
1529.632	C:/Users/qbiol/Dropbox (Queens College)/2023/Dyad/230313_Dyad10/Yellow/A2F/Videos/GX030537.MP4	3398.61	59.94	Subordinate	Flee	Other		POINT	SubordinateFlee
1555.085	C:/Users/qbiol/Dropbox (Queens College)/2023/Dyad/230313_Dyad10/Yellow/A2F/Videos/GX030537.MP4	3398.61	59.94	Dominant	Foraging	Other		POINT	DominantForaging
1558.92	C:/Users/qbiol/Dropbox (Queens College)/2023/Dyad/230313_Dyad10/Yellow/A2F/Videos/GX030537.MP4	3398.61	59.94	Dominant	Chases Male	Aggressive		POINT	DominantChases Male
1559.026	C:/Users/qbiol/Dropbox (Queens College)/2023/Dyad/230313_Dyad10/Yellow/A2F/Videos/GX030537.MP4	3398.61	59.94	Subordinate	Flee	Other		POINT	SubordinateFlee
1562.583	C:/Users/qbiol/Dropbox (Queens College)/2023/Dyad/230313_Dyad10/Yellow/A2F/Videos/GX030537.MP4	3398.61	59.94	Dominant	Foraging	Other		POINT	DominantForaging
1577.583	C:/Users/qbiol/Dropbox (Queens College)/2023/Dyad/230313_Dyad10/Yellow/A2F/Videos/GX030537.MP4	3398.61	59.94	Dominant	Foraging	Other		POINT	DominantForaging
1583.943	C:/Users/qbiol/Dropbox (Queens College)/2023/Dyad/230313_Dyad10/Yellow/A2F/Videos/GX030537.MP4	3398.61	59.94	Dominant	Bite	Aggressive		POINT	DominantBite
1584.44	C:/Users/qbiol/Dropbox (Queens College)/2023/Dyad/230313_Dyad10/Yellow/A2F/Videos/GX030537.MP4	3398.61	59.94	Subordinate	Flee	Other		POINT	SubordinateFlee
1584.944	C:/Users/qbiol/Dropbox (Queens College)/2023/Dyad/230313_Dyad10/Yellow/A2F/Videos/GX030537.MP4	3398.61	59.94	Dominant	Chases Male	Aggressive		POINT	DominantChases Male
1585.946	C:/Users/qbiol/Dropbox (Queens College)/2023/Dyad/230313_Dyad10/Yellow/A2F/Videos/GX030537.MP4	3398.61	59.94	Subordinate	Flee	Other		POINT	SubordinateFlee
1587.701	C:/Users/qbiol/Dropbox (Queens College)/2023/Dyad/230313_Dyad10/Yellow/A2F/Videos/GX030537.MP4	3398.61	59.94	Dominant	Chases Male	Aggressive		POINT	DominantChases Male
1587.949	C:/Users/qbiol/Dropbox (Queens College)/2023/Dyad/230313_Dyad10/Yellow/A2F/Videos/GX030537.MP4	3398.61	59.94	Subordinate	Flee	Other		POINT	SubordinateFlee
1596.202	C:/Users/qbiol/Dropbox (Queens College)/2023/Dyad/230313_Dyad10/Yellow/A2F/Videos/GX030537.MP4	3398.61	59.94	Dominant	bite female	Reproductive		POINT	Dominantbite female
1609.83	C:/Users/qbiol/Dropbox (Queens College)/2023/Dyad/230313_Dyad10/Yellow/A2F/Videos/GX030537.MP4	3398.61	59.94	Dominant	Foraging	Other		POINT	DominantForaging
1621.085	C:/Users/qbiol/Dropbox (Queens College)/2023/Dyad/230313_Dyad10/Yellow/A2F/Videos/GX030537.MP4	3398.61	59.94	Dominant	Foraging	Other		POINT	DominantForaging
1621.323	C:/Users/qbiol/Dropbox (Queens College)/2023/Dyad/230313_Dyad10/Yellow/A2F/Videos/GX030537.MP4	3398.61	59.94	Dominant	Foraging	Other		POINT	DominantForaging
1628.583	C:/Users/qbiol/Dropbox (Queens College)/2023/Dyad/230313_Dyad10/Yellow/A2F/Videos/GX030537.MP4	3398.61	59.94	Dominant	Foraging	Other		POINT	DominantForaging
1643.507	C:/Users/qbiol/Dropbox (Queens College)/2023/Dyad/230313_Dyad10/Yellow/A2F/Videos/GX030537.MP4	3398.61	59.94	Dominant	Chases Female	Aggressive		POINT	DominantChases Female
1650.502	C:/Users/qbiol/Dropbox (Queens College)/2023/Dyad/230313_Dyad10/Yellow/A2F/Videos/GX030537.MP4	3398.61	59.94	Dominant	Entry /Exit Pot	Reproductive		POINT	DominantEntry /Exit Pot
1651.449	C:/Users/qbiol/Dropbox (Queens College)/2023/Dyad/230313_Dyad10/Yellow/A2F/Videos/GX030537.MP4	3398.61	59.94	Subordinate	Foraging	Other		POINT	SubordinateForaging
1653.575	C:/Users/qbiol/Dropbox (Queens College)/2023/Dyad/230313_Dyad10/Yellow/A2F/Videos/GX030537.MP4	3398.61	59.94	Dominant	Dig Pot/Substrate	Reproductive		POINT	DominantDig Pot/Substrate
1662.075	C:/Users/qbiol/Dropbox (Queens College)/2023/Dyad/230313_Dyad10/Yellow/A2F/Videos/GX030537.MP4	3398.61	59.94	Dominant	Entry /Exit Pot	Reproductive		POINT	DominantEntry /Exit Pot
1662.325	C:/Users/qbiol/Dropbox (Queens College)/2023/Dyad/230313_Dyad10/Yellow/A2F/Videos/GX030537.MP4	3398.61	59.94	Dominant	Foraging	Other		POINT	DominantForaging
1681.065	C:/Users/qbiol/Dropbox (Queens College)/2023/Dyad/230313_Dyad10/Yellow/A2F/Videos/GX030537.MP4	3398.61	59.94	Dominant	Foraging	Other		POINT	DominantForaging
1684.787	C:/Users/qbiol/Dropbox (Queens College)/2023/Dyad/230313_Dyad10/Yellow/A2F/Videos/GX030537.MP4	3398.61	59.94	Dominant	Entry /Exit Pot	Reproductive		POINT	DominantEntry /Exit Pot
1689.294	C:/Users/qbiol/Dropbox (Queens College)/2023/Dyad/230313_Dyad10/Yellow/A2F/Videos/GX030537.MP4	3398.61	59.94	Dominant	Dig Pot/Substrate	Reproductive		POINT	DominantDig Pot/Substrate
1691.298	C:/Users/qbiol/Dropbox (Queens College)/2023/Dyad/230313_Dyad10/Yellow/A2F/Videos/GX030537.MP4	3398.61	59.94	Dominant	Entry /Exit Pot	Reproductive		POINT	DominantEntry /Exit Pot
1692.823	C:/Users/qbiol/Dropbox (Queens College)/2023/Dyad/230313_Dyad10/Yellow/A2F/Videos/GX030537.MP4	3398.61	59.94	Dominant	Foraging	Other		POINT	DominantForaging
1722.836	C:/Users/qbiol/Dropbox (Queens College)/2023/Dyad/230313_Dyad10/Yellow/A2F/Videos/GX030537.MP4	3398.61	59.94	Dominant	bite female	Reproductive		POINT	Dominantbite female
1724.333	C:/Users/qbiol/Dropbox (Queens College)/2023/Dyad/230313_Dyad10/Yellow/A2F/Videos/GX030537.MP4	3398.61	59.94	Dominant	bite female	Reproductive		POINT	Dominantbite female
1728.312	C:/Users/qbiol/Dropbox (Queens College)/2023/Dyad/230313_Dyad10/Yellow/A2F/Videos/GX030537.MP4	3398.61	59.94	Dominant	Foraging	Other		POINT	DominantForaging
1762.815	C:/Users/qbiol/Dropbox (Queens College)/2023/Dyad/230313_Dyad10/Yellow/A2F/Videos/GX030537.MP4	3398.61	59.94	Dominant	Foraging	Other		POINT	DominantForaging
1764.953	C:/Users/qbiol/Dropbox (Queens College)/2023/Dyad/230313_Dyad10/Yellow/A2F/Videos/GX030537.MP4	3398.61	59.94	Subordinate	Foraging	Other		POINT	SubordinateForaging
1771.204	C:/Users/qbiol/Dropbox (Queens College)/2023/Dyad/230313_Dyad10/Yellow/A2F/Videos/GX030537.MP4	3398.61	59.94	Subordinate	Foraging	Other		POINT	SubordinateForaging
1775.733	C:/Users/qbiol/Dropbox (Queens College)/2023/Dyad/230313_Dyad10/Yellow/A2F/Videos/GX030537.MP4	3398.61	59.94	Subordinate	Foraging	Other		POINT	SubordinateForaging
1778.456	C:/Users/qbiol/Dropbox (Queens College)/2023/Dyad/230313_Dyad10/Yellow/A2F/Videos/GX030537.MP4	3398.61	59.94	Subordinate	Foraging	Other		POINT	SubordinateForaging
1782.951	C:/Users/qbiol/Dropbox (Queens College)/2023/Dyad/230313_Dyad10/Yellow/A2F/Videos/GX030537.MP4	3398.61	59.94	Subordinate	Foraging	Other		POINT	SubordinateForaging
1787.893	C:/Users/qbiol/Dropbox (Queens College)/2023/Dyad/230313_Dyad10/Yellow/A2F/Videos/GX030537.MP4	3398.61	59.94	Dominant	Chases Male	Aggressive		POINT	DominantChases Male
1788.401	C:/Users/qbiol/Dropbox (Queens College)/2023/Dyad/230313_Dyad10/Yellow/A2F/Videos/GX030537.MP4	3398.61	59.94	Subordinate	Flee	Other		POINT	SubordinateFlee
1791.659	C:/Users/qbiol/Dropbox (Queens College)/2023/Dyad/230313_Dyad10/Yellow/A2F/Videos/GX030537.MP4	3398.61	59.94	Dominant	Chases Male	Aggressive		POINT	DominantChases Male
1792.653	C:/Users/qbiol/Dropbox (Queens College)/2023/Dyad/230313_Dyad10/Yellow/A2F/Videos/GX030537.MP4	3398.61	59.94	Subordinate	Flee	Other		POINT	SubordinateFlee
1794.151	C:/Users/qbiol/Dropbox (Queens College)/2023/Dyad/230313_Dyad10/Yellow/A2F/Videos/GX030537.MP4	3398.61	59.94	Dominant	bite female	Reproductive		POINT	Dominantbite female
1795.905	C:/Users/qbiol/Dropbox (Queens College)/2023/Dyad/230313_Dyad10/Yellow/A2F/Videos/GX030537.MP4	3398.61	59.94	Subordinate	Chases Female	Aggressive		POINT	SubordinateChases Female
1798.404	C:/Users/qbiol/Dropbox (Queens College)/2023/Dyad/230313_Dyad10/Yellow/A2F/Videos/GX030537.MP4	3398.61	59.94	Dominant	bite female	Reproductive		POINT	Dominantbite female
1812.843	C:/Users/qbiol/Dropbox (Queens College)/2023/Dyad/230313_Dyad10/Yellow/A2F/Videos/GX030537.MP4	3398.61	59.94	Dominant	Chases Female	Aggressive		POINT	DominantChases Female
1819.214	C:/Users/qbiol/Dropbox (Queens College)/2023/Dyad/230313_Dyad10/Yellow/A2F/Videos/GX030537.MP4	3398.61	59.94	Dominant	bite female	Reproductive		POINT	Dominantbite female
1825.595	C:/Users/qbiol/Dropbox (Queens College)/2023/Dyad/230313_Dyad10/Yellow/A2F/Videos/GX030537.MP4	3398.61	59.94	Dominant	Entry /Exit Pot	Reproductive		POINT	DominantEntry /Exit Pot
1836.317	C:/Users/qbiol/Dropbox (Queens College)/2023/Dyad/230313_Dyad10/Yellow/A2F/Videos/GX030537.MP4	3398.61	59.94	Dominant	Dig Pot/Substrate	Reproductive		POINT	DominantDig Pot/Substrate
1842.662	C:/Users/qbiol/Dropbox (Queens College)/2023/Dyad/230313_Dyad10/Yellow/A2F/Videos/GX030537.MP4	3398.61	59.94	Subordinate	Foraging	Other		POINT	SubordinateForaging
1853.187	C:/Users/qbiol/Dropbox (Queens College)/2023/Dyad/230313_Dyad10/Yellow/A2F/Videos/GX030537.MP4	3398.61	59.94	Dominant	Dig Pot/Substrate	Reproductive		POINT	DominantDig Pot/Substrate
1858.718	C:/Users/qbiol/Dropbox (Queens College)/2023/Dyad/230313_Dyad10/Yellow/A2F/Videos/GX030537.MP4	3398.61	59.94	Dominant	Entry /Exit Pot	Reproductive		POINT	DominantEntry /Exit Pot
1861.724	C:/Users/qbiol/Dropbox (Queens College)/2023/Dyad/230313_Dyad10/Yellow/A2F/Videos/GX030537.MP4	3398.61	59.94	Dominant	Chases Female	Aggressive		POINT	DominantChases Female
1877.067	C:/Users/qbiol/Dropbox (Queens College)/2023/Dyad/230313_Dyad10/Yellow/A2F/Videos/GX030537.MP4	3398.61	59.94	Dominant	Foraging	Other		POINT	DominantForaging
1878.205	C:/Users/qbiol/Dropbox (Queens College)/2023/Dyad/230313_Dyad10/Yellow/A2F/Videos/GX030537.MP4	3398.61	59.94	Subordinate	Chases Female	Aggressive		POINT	SubordinateChases Female
1878.983	C:/Users/qbiol/Dropbox (Queens College)/2023/Dyad/230313_Dyad10/Yellow/A2F/Videos/GX030537.MP4	3398.61	59.94	Subordinate	bite female	Reproductive		POINT	Subordinatebite female
1887.565	C:/Users/qbiol/Dropbox (Queens College)/2023/Dyad/230313_Dyad10/Yellow/A2F/Videos/GX030537.MP4	3398.61	59.94	Dominant	Foraging	Other		POINT	DominantForaging
1903.01	C:/Users/qbiol/Dropbox (Queens College)/2023/Dyad/230313_Dyad10/Yellow/A2F/Videos/GX030537.MP4	3398.61	59.94	Dominant	Chases Female	Aggressive		POINT	DominantChases Female
1907.817	C:/Users/qbiol/Dropbox (Queens College)/2023/Dyad/230313_Dyad10/Yellow/A2F/Videos/GX030537.MP4	3398.61	59.94	Dominant	Foraging	Other		POINT	DominantForaging
1921.466	C:/Users/qbiol/Dropbox (Queens College)/2023/Dyad/230313_Dyad10/Yellow/A2F/Videos/GX030537.MP4	3398.61	59.94	Dominant	Bite	Aggressive		POINT	DominantBite
1921.53	C:/Users/qbiol/Dropbox (Queens College)/2023/Dyad/230313_Dyad10/Yellow/A2F/Videos/GX030537.MP4	3398.61	59.94	Subordinate	Flee	Other		POINT	SubordinateFlee
1929.992	C:/Users/qbiol/Dropbox (Queens College)/2023/Dyad/230313_Dyad10/Yellow/A2F/Videos/GX030537.MP4	3398.61	59.94	Dominant	Chases Male	Aggressive		POINT	DominantChases Male
1930.494	C:/Users/qbiol/Dropbox (Queens College)/2023/Dyad/230313_Dyad10/Yellow/A2F/Videos/GX030537.MP4	3398.61	59.94	Subordinate	Flee	Other		POINT	SubordinateFlee
1939.315	C:/Users/qbiol/Dropbox (Queens College)/2023/Dyad/230313_Dyad10/Yellow/A2F/Videos/GX030537.MP4	3398.61	59.94	Dominant	Foraging	Other		POINT	DominantForaging
1940.325	C:/Users/qbiol/Dropbox (Queens College)/2023/Dyad/230313_Dyad10/Yellow/A2F/Videos/GX030537.MP4	3398.61	59.94	Dominant	Foraging	Other		POINT	DominantForaging
1949.817	C:/Users/qbiol/Dropbox (Queens College)/2023/Dyad/230313_Dyad10/Yellow/A2F/Videos/GX030537.MP4	3398.61	59.94	Dominant	Foraging	Other		POINT	DominantForaging
1984.347	C:/Users/qbiol/Dropbox (Queens College)/2023/Dyad/230313_Dyad10/Yellow/A2F/Videos/GX030537.MP4	3398.61	59.94	Dominant	bite female	Reproductive		POINT	Dominantbite female
1988.532	C:/Users/qbiol/Dropbox (Queens College)/2023/Dyad/230313_Dyad10/Yellow/A2F/Videos/GX030537.MP4	3398.61	59.94	Dominant	bite female	Reproductive		POINT	Dominantbite female
2016.625	C:/Users/qbiol/Dropbox (Queens College)/2023/Dyad/230313_Dyad10/Yellow/A2F/Videos/GX030537.MP4	3398.61	59.94	Subordinate	bite female	Reproductive		POINT	Subordinatebite female
2026.632	C:/Users/qbiol/Dropbox (Queens College)/2023/Dyad/230313_Dyad10/Yellow/A2F/Videos/GX030537.MP4	3398.61	59.94	Dominant	Chases Female	Aggressive		POINT	DominantChases Female
2031.142	C:/Users/qbiol/Dropbox (Queens College)/2023/Dyad/230313_Dyad10/Yellow/A2F/Videos/GX030537.MP4	3398.61	59.94	Dominant	bite female	Reproductive		POINT	Dominantbite female
2031.888	C:/Users/qbiol/Dropbox (Queens College)/2023/Dyad/230313_Dyad10/Yellow/A2F/Videos/GX030537.MP4	3398.61	59.94	Dominant	Chases Female	Aggressive		POINT	DominantChases Female
2036.14	C:/Users/qbiol/Dropbox (Queens College)/2023/Dyad/230313_Dyad10/Yellow/A2F/Videos/GX030537.MP4	3398.61	59.94	Dominant	Chases Female	Aggressive		POINT	DominantChases Female
2036.395	C:/Users/qbiol/Dropbox (Queens College)/2023/Dyad/230313_Dyad10/Yellow/A2F/Videos/GX030537.MP4	3398.61	59.94	Subordinate	bite female	Reproductive		POINT	Subordinatebite female
2055.065	C:/Users/qbiol/Dropbox (Queens College)/2023/Dyad/230313_Dyad10/Yellow/A2F/Videos/GX030537.MP4	3398.61	59.94	Dominant	Foraging	Other		POINT	DominantForaging
2057.165	C:/Users/qbiol/Dropbox (Queens College)/2023/Dyad/230313_Dyad10/Yellow/A2F/Videos/GX030537.MP4	3398.61	59.94	Subordinate	Foraging	Other		POINT	SubordinateForaging
2058.164	C:/Users/qbiol/Dropbox (Queens College)/2023/Dyad/230313_Dyad10/Yellow/A2F/Videos/GX030537.MP4	3398.61	59.94	Subordinate	Foraging	Other		POINT	SubordinateForaging
2060.417	C:/Users/qbiol/Dropbox (Queens College)/2023/Dyad/230313_Dyad10/Yellow/A2F/Videos/GX030537.MP4	3398.61	59.94	Subordinate	Foraging	Other		POINT	SubordinateForaging
2079.436	C:/Users/qbiol/Dropbox (Queens College)/2023/Dyad/230313_Dyad10/Yellow/A2F/Videos/GX030537.MP4	3398.61	59.94	Dominant	bite female	Reproductive		POINT	Dominantbite female
2080.443	C:/Users/qbiol/Dropbox (Queens College)/2023/Dyad/230313_Dyad10/Yellow/A2F/Videos/GX030537.MP4	3398.61	59.94	Dominant	Chases Female	Aggressive		POINT	DominantChases Female
2086.193	C:/Users/qbiol/Dropbox (Queens College)/2023/Dyad/230313_Dyad10/Yellow/A2F/Videos/GX030537.MP4	3398.61	59.94	Dominant	Chases Female	Aggressive		POINT	DominantChases Female
2094.785	C:/Users/qbiol/Dropbox (Queens College)/2023/Dyad/230313_Dyad10/Yellow/A2F/Videos/GX030537.MP4	3398.61	59.94	Subordinate	bite female	Reproductive		POINT	Subordinatebite female
2116.721	C:/Users/qbiol/Dropbox (Queens College)/2023/Dyad/230313_Dyad10/Yellow/A2F/Videos/GX030537.MP4	3398.61	59.94	Dominant	Chases Male	Aggressive		POINT	DominantChases Male
2116.976	C:/Users/qbiol/Dropbox (Queens College)/2023/Dyad/230313_Dyad10/Yellow/A2F/Videos/GX030537.MP4	3398.61	59.94	Subordinate	Flee	Other		POINT	SubordinateFlee
2118.173	C:/Users/qbiol/Dropbox (Queens College)/2023/Dyad/230313_Dyad10/Yellow/A2F/Videos/GX030537.MP4	3398.61	59.94	Dominant	Chases Male	Aggressive		POINT	DominantChases Male
2118.23	C:/Users/qbiol/Dropbox (Queens College)/2023/Dyad/230313_Dyad10/Yellow/A2F/Videos/GX030537.MP4	3398.61	59.94	Subordinate	Flee	Other		POINT	SubordinateFlee
2120.228	C:/Users/qbiol/Dropbox (Queens College)/2023/Dyad/230313_Dyad10/Yellow/A2F/Videos/GX030537.MP4	3398.61	59.94	Dominant	Chases Male	Aggressive		POINT	DominantChases Male
2120.73	C:/Users/qbiol/Dropbox (Queens College)/2023/Dyad/230313_Dyad10/Yellow/A2F/Videos/GX030537.MP4	3398.61	59.94	Subordinate	Flee	Other		POINT	SubordinateFlee
2132.249	C:/Users/qbiol/Dropbox (Queens College)/2023/Dyad/230313_Dyad10/Yellow/A2F/Videos/GX040537.MP4	3398.61	59.94	Dominant	bite female	Reproductive		POINT	Dominantbite female
2132.489	C:/Users/qbiol/Dropbox (Queens College)/2023/Dyad/230313_Dyad10/Yellow/A2F/Videos/GX040537.MP4	3398.61	59.94	Dominant	Chases Female	Aggressive		POINT	DominantChases Female
2145.293	C:/Users/qbiol/Dropbox (Queens College)/2023/Dyad/230313_Dyad10/Yellow/A2F/Videos/GX040537.MP4	3398.61	59.94	Dominant	Foraging	Other		POINT	DominantForaging
2152.883	C:/Users/qbiol/Dropbox (Queens College)/2023/Dyad/230313_Dyad10/Yellow/A2F/Videos/GX040537.MP4	3398.61	59.94	Dominant	Chases Male	Aggressive		POINT	DominantChases Male
2154.524	C:/Users/qbiol/Dropbox (Queens College)/2023/Dyad/230313_Dyad10/Yellow/A2F/Videos/GX040537.MP4	3398.61	59.94	Subordinate	Flee	Other		POINT	SubordinateFlee
2161.04	C:/Users/qbiol/Dropbox (Queens College)/2023/Dyad/230313_Dyad10/Yellow/A2F/Videos/GX040537.MP4	3398.61	59.94	Dominant	Foraging	Other		POINT	DominantForaging
2169.779	C:/Users/qbiol/Dropbox (Queens College)/2023/Dyad/230313_Dyad10/Yellow/A2F/Videos/GX040537.MP4	3398.61	59.94	Dominant	Chases Female	Aggressive		POINT	DominantChases Female
2174.136	C:/Users/qbiol/Dropbox (Queens College)/2023/Dyad/230313_Dyad10/Yellow/A2F/Videos/GX040537.MP4	3398.61	59.94	Dominant	Chases Female	Aggressive		POINT	DominantChases Female
2184.05	C:/Users/qbiol/Dropbox (Queens College)/2023/Dyad/230313_Dyad10/Yellow/A2F/Videos/GX040537.MP4	3398.61	59.94	Dominant	Chases Female	Aggressive		POINT	DominantChases Female
2184.771	C:/Users/qbiol/Dropbox (Queens College)/2023/Dyad/230313_Dyad10/Yellow/A2F/Videos/GX040537.MP4	3398.61	59.94	Subordinate	Foraging	Other		POINT	SubordinateForaging
2189.017	C:/Users/qbiol/Dropbox (Queens College)/2023/Dyad/230313_Dyad10/Yellow/A2F/Videos/GX040537.MP4	3398.61	59.94	Subordinate	Foraging	Other		POINT	SubordinateForaging
2193.267	C:/Users/qbiol/Dropbox (Queens College)/2023/Dyad/230313_Dyad10/Yellow/A2F/Videos/GX040537.MP4	3398.61	59.94	Subordinate	Foraging	Other		POINT	SubordinateForaging
2195.055	C:/Users/qbiol/Dropbox (Queens College)/2023/Dyad/230313_Dyad10/Yellow/A2F/Videos/GX040537.MP4	3398.61	59.94	Dominant	Chases Female	Aggressive		POINT	DominantChases Female
2197.769	C:/Users/qbiol/Dropbox (Queens College)/2023/Dyad/230313_Dyad10/Yellow/A2F/Videos/GX040537.MP4	3398.61	59.94	Subordinate	Foraging	Other		POINT	SubordinateForaging
2200.269	C:/Users/qbiol/Dropbox (Queens College)/2023/Dyad/230313_Dyad10/Yellow/A2F/Videos/GX040537.MP4	3398.61	59.94	Subordinate	Foraging	Other		POINT	SubordinateForaging
2203.564	C:/Users/qbiol/Dropbox (Queens College)/2023/Dyad/230313_Dyad10/Yellow/A2F/Videos/GX040537.MP4	3398.61	59.94	Dominant	Chases Male	Aggressive		POINT	DominantChases Male
2204.063	C:/Users/qbiol/Dropbox (Queens College)/2023/Dyad/230313_Dyad10/Yellow/A2F/Videos/GX040537.MP4	3398.61	59.94	Subordinate	Flee	Other		POINT	SubordinateFlee
2216.518	C:/Users/qbiol/Dropbox (Queens College)/2023/Dyad/230313_Dyad10/Yellow/A2F/Videos/GX040537.MP4	3398.61	59.94	Subordinate	Foraging	Other		POINT	SubordinateForaging
2220.077	C:/Users/qbiol/Dropbox (Queens College)/2023/Dyad/230313_Dyad10/Yellow/A2F/Videos/GX040537.MP4	3398.61	59.94	Subordinate	bite female	Reproductive		POINT	Subordinatebite female
2222.52	C:/Users/qbiol/Dropbox (Queens College)/2023/Dyad/230313_Dyad10/Yellow/A2F/Videos/GX040537.MP4	3398.61	59.94	Subordinate	Foraging	Other		POINT	SubordinateForaging
2230.093	C:/Users/qbiol/Dropbox (Queens College)/2023/Dyad/230313_Dyad10/Yellow/A2F/Videos/GX040537.MP4	3398.61	59.94	Dominant	bite female	Reproductive		POINT	Dominantbite female
2234.091	C:/Users/qbiol/Dropbox (Queens College)/2023/Dyad/230313_Dyad10/Yellow/A2F/Videos/GX040537.MP4	3398.61	59.94	Dominant	Bite	Aggressive		POINT	DominantBite
2234.171	C:/Users/qbiol/Dropbox (Queens College)/2023/Dyad/230313_Dyad10/Yellow/A2F/Videos/GX040537.MP4	3398.61	59.94	Subordinate	Flee	Other		POINT	SubordinateFlee
2234.516	C:/Users/qbiol/Dropbox (Queens College)/2023/Dyad/230313_Dyad10/Yellow/A2F/Videos/GX040537.MP4	3398.61	59.94	Subordinate	Foraging	Other		POINT	SubordinateForaging
2240.894	C:/Users/qbiol/Dropbox (Queens College)/2023/Dyad/230313_Dyad10/Yellow/A2F/Videos/GX040537.MP4	3398.61	59.94	Dominant	Foraging	Other		POINT	DominantForaging
2252.062	C:/Users/qbiol/Dropbox (Queens College)/2023/Dyad/230313_Dyad10/Yellow/A2F/Videos/GX040537.MP4	3398.61	59.94	Dominant	Chases Male	Aggressive		POINT	DominantChases Male
2253.516	C:/Users/qbiol/Dropbox (Queens College)/2023/Dyad/230313_Dyad10/Yellow/A2F/Videos/GX040537.MP4	3398.61	59.94	Subordinate	Flee	Other		POINT	SubordinateFlee
2261.875	C:/Users/qbiol/Dropbox (Queens College)/2023/Dyad/230313_Dyad10/Yellow/A2F/Videos/GX040537.MP4	3398.61	59.94	Dominant	Chases Male	Aggressive		POINT	DominantChases Male
2263.519	C:/Users/qbiol/Dropbox (Queens College)/2023/Dyad/230313_Dyad10/Yellow/A2F/Videos/GX040537.MP4	3398.61	59.94	Subordinate	Flee	Other		POINT	SubordinateFlee
2263.873	C:/Users/qbiol/Dropbox (Queens College)/2023/Dyad/230313_Dyad10/Yellow/A2F/Videos/GX040537.MP4	3398.61	59.94	Dominant	bite female	Reproductive		POINT	Dominantbite female
2265.371	C:/Users/qbiol/Dropbox (Queens College)/2023/Dyad/230313_Dyad10/Yellow/A2F/Videos/GX040537.MP4	3398.61	59.94	Dominant	bite female	Reproductive		POINT	Dominantbite female
2269.629	C:/Users/qbiol/Dropbox (Queens College)/2023/Dyad/230313_Dyad10/Yellow/A2F/Videos/GX040537.MP4	3398.61	59.94	Dominant	Bite	Aggressive		POINT	DominantBite
2269.88	C:/Users/qbiol/Dropbox (Queens College)/2023/Dyad/230313_Dyad10/Yellow/A2F/Videos/GX040537.MP4	3398.61	59.94	Subordinate	Flee	Other		POINT	SubordinateFlee
2273.124	C:/Users/qbiol/Dropbox (Queens College)/2023/Dyad/230313_Dyad10/Yellow/A2F/Videos/GX040537.MP4	3398.61	59.94	Dominant	Chases Male	Aggressive		POINT	DominantChases Male
2273.384	C:/Users/qbiol/Dropbox (Queens College)/2023/Dyad/230313_Dyad10/Yellow/A2F/Videos/GX040537.MP4	3398.61	59.94	Subordinate	Flee	Other		POINT	SubordinateFlee
2302.387	C:/Users/qbiol/Dropbox (Queens College)/2023/Dyad/230313_Dyad10/Yellow/A2F/Videos/GX040537.MP4	3398.61	59.94	Subordinate	Foraging	Other		POINT	SubordinateForaging
2318.654	C:/Users/qbiol/Dropbox (Queens College)/2023/Dyad/230313_Dyad10/Yellow/A2F/Videos/GX040537.MP4	3398.61	59.94	Dominant	Entry /Exit Pot	Reproductive		POINT	DominantEntry /Exit Pot
2335.156	C:/Users/qbiol/Dropbox (Queens College)/2023/Dyad/230313_Dyad10/Yellow/A2F/Videos/GX040537.MP4	3398.61	59.94	Dominant	Dig Pot/Substrate	Reproductive		POINT	DominantDig Pot/Substrate
2338.371	C:/Users/qbiol/Dropbox (Queens College)/2023/Dyad/230313_Dyad10/Yellow/A2F/Videos/GX040537.MP4	3398.61	59.94	Dominant	Entry /Exit Pot	Reproductive		POINT	DominantEntry /Exit Pot
2340.451	C:/Users/qbiol/Dropbox (Queens College)/2023/Dyad/230313_Dyad10/Yellow/A2F/Videos/GX040537.MP4	3398.61	59.94	Dominant	Bite	Aggressive		POINT	DominantBite
2340.451	C:/Users/qbiol/Dropbox (Queens College)/2023/Dyad/230313_Dyad10/Yellow/A2F/Videos/GX040537.MP4	3398.61	59.94	Subordinate	Flee	Other		POINT	SubordinateFlee
2340.95	C:/Users/qbiol/Dropbox (Queens College)/2023/Dyad/230313_Dyad10/Yellow/A2F/Videos/GX040537.MP4	3398.61	59.94	Dominant	bite female	Reproductive		POINT	Dominantbite female
2375.235	C:/Users/qbiol/Dropbox (Queens College)/2023/Dyad/230313_Dyad10/Yellow/A2F/Videos/GX040537.MP4	3398.61	59.94	Dominant	Bite	Aggressive		POINT	DominantBite
2375.487	C:/Users/qbiol/Dropbox (Queens College)/2023/Dyad/230313_Dyad10/Yellow/A2F/Videos/GX040537.MP4	3398.61	59.94	Subordinate	Flee	Other		POINT	SubordinateFlee
2376.991	C:/Users/qbiol/Dropbox (Queens College)/2023/Dyad/230313_Dyad10/Yellow/A2F/Videos/GX040537.MP4	3398.61	59.94	Dominant	Bite	Aggressive		POINT	DominantBite
2376.992	C:/Users/qbiol/Dropbox (Queens College)/2023/Dyad/230313_Dyad10/Yellow/A2F/Videos/GX040537.MP4	3398.61	59.94	Subordinate	Flee	Other		POINT	SubordinateFlee
2380.984	C:/Users/qbiol/Dropbox (Queens College)/2023/Dyad/230313_Dyad10/Yellow/A2F/Videos/GX040537.MP4	3398.61	59.94	Dominant	Chases Male	Aggressive		POINT	DominantChases Male
2381.238	C:/Users/qbiol/Dropbox (Queens College)/2023/Dyad/230313_Dyad10/Yellow/A2F/Videos/GX040537.MP4	3398.61	59.94	Subordinate	Flee	Other		POINT	SubordinateFlee
2400.83	C:/Users/qbiol/Dropbox (Queens College)/2023/Dyad/230313_Dyad10/Yellow/A2F/Videos/GX040537.MP4	3398.61	59.94	Dominant	Entry /Exit Pot	Reproductive		POINT	DominantEntry /Exit Pot
2409.262	C:/Users/qbiol/Dropbox (Queens College)/2023/Dyad/230313_Dyad10/Yellow/A2F/Videos/GX040537.MP4	3398.61	59.94	Dominant	Entry /Exit Pot	Reproductive		POINT	DominantEntry /Exit Pot
2409.904	C:/Users/qbiol/Dropbox (Queens College)/2023/Dyad/230313_Dyad10/Yellow/A2F/Videos/GX040537.MP4	3398.61	59.94	Dominant	Foraging	Other		POINT	DominantForaging
2418.654	C:/Users/qbiol/Dropbox (Queens College)/2023/Dyad/230313_Dyad10/Yellow/A2F/Videos/GX040537.MP4	3398.61	59.94	Dominant	Entry /Exit Pot	Reproductive		POINT	DominantEntry /Exit Pot
2421.904	C:/Users/qbiol/Dropbox (Queens College)/2023/Dyad/230313_Dyad10/Yellow/A2F/Videos/GX040537.MP4	3398.61	59.94	Dominant	Dig Pot/Substrate	Reproductive		POINT	DominantDig Pot/Substrate
2422.512	C:/Users/qbiol/Dropbox (Queens College)/2023/Dyad/230313_Dyad10/Yellow/A2F/Videos/GX040537.MP4	3398.61	59.94	Dominant	Entry /Exit Pot	Reproductive		POINT	DominantEntry /Exit Pot
2430.906	C:/Users/qbiol/Dropbox (Queens College)/2023/Dyad/230313_Dyad10/Yellow/A2F/Videos/GX040537.MP4	3398.61	59.94	Dominant	Foraging	Other		POINT	DominantForaging
2434.876	C:/Users/qbiol/Dropbox (Queens College)/2023/Dyad/230313_Dyad10/Yellow/A2F/Videos/GX040537.MP4	3398.61	59.94	Subordinate	Foraging	Other		POINT	SubordinateForaging
2439.705	C:/Users/qbiol/Dropbox (Queens College)/2023/Dyad/230313_Dyad10/Yellow/A2F/Videos/GX040537.MP4	3398.61	59.94	Subordinate	Foraging	Other		POINT	SubordinateForaging
2448.014	C:/Users/qbiol/Dropbox (Queens College)/2023/Dyad/230313_Dyad10/Yellow/A2F/Videos/GX040537.MP4	3398.61	59.94	Subordinate	Foraging	Other		POINT	SubordinateForaging
2449.822	C:/Users/qbiol/Dropbox (Queens College)/2023/Dyad/230313_Dyad10/Yellow/A2F/Videos/GX040537.MP4	3398.61	59.94	Subordinate	Foraging	Other		POINT	SubordinateForaging
2452.518	C:/Users/qbiol/Dropbox (Queens College)/2023/Dyad/230313_Dyad10/Yellow/A2F/Videos/GX040537.MP4	3398.61	59.94	Subordinate	Foraging	Other		POINT	SubordinateForaging
2453.253	C:/Users/qbiol/Dropbox (Queens College)/2023/Dyad/230313_Dyad10/Yellow/A2F/Videos/GX040537.MP4	3398.61	59.94	Dominant	Chases Male	Aggressive		POINT	DominantChases Male
2453.567	C:/Users/qbiol/Dropbox (Queens College)/2023/Dyad/230313_Dyad10/Yellow/A2F/Videos/GX040537.MP4	3398.61	59.94	Subordinate	Flee	Other		POINT	SubordinateFlee
2457.067	C:/Users/qbiol/Dropbox (Queens College)/2023/Dyad/230313_Dyad10/Yellow/A2F/Videos/GX040537.MP4	3398.61	59.94	Dominant	bite female	Reproductive		POINT	Dominantbite female
2458.067	C:/Users/qbiol/Dropbox (Queens College)/2023/Dyad/230313_Dyad10/Yellow/A2F/Videos/GX040537.MP4	3398.61	59.94	Dominant	Chases Female	Aggressive		POINT	DominantChases Female
2460.323	C:/Users/qbiol/Dropbox (Queens College)/2023/Dyad/230313_Dyad10/Yellow/A2F/Videos/GX040537.MP4	3398.61	59.94	Dominant	bite female	Reproductive		POINT	Dominantbite female
2466.713	C:/Users/qbiol/Dropbox (Queens College)/2023/Dyad/230313_Dyad10/Yellow/A2F/Videos/GX040537.MP4	3398.61	59.94	Dominant	Chases Female	Aggressive		POINT	DominantChases Female
2472.079	C:/Users/qbiol/Dropbox (Queens College)/2023/Dyad/230313_Dyad10/Yellow/A2F/Videos/GX040537.MP4	3398.61	59.94	Dominant	bite female	Reproductive		POINT	Dominantbite female
2476.631	C:/Users/qbiol/Dropbox (Queens College)/2023/Dyad/230313_Dyad10/Yellow/A2F/Videos/GX040537.MP4	3398.61	59.94	Dominant	Chases Female	Aggressive		POINT	DominantChases Female
2478.086	C:/Users/qbiol/Dropbox (Queens College)/2023/Dyad/230313_Dyad10/Yellow/A2F/Videos/GX040537.MP4	3398.61	59.94	Dominant	Chases Male	Aggressive		POINT	DominantChases Male
2478.333	C:/Users/qbiol/Dropbox (Queens College)/2023/Dyad/230313_Dyad10/Yellow/A2F/Videos/GX040537.MP4	3398.61	59.94	Subordinate	Flee	Other		POINT	SubordinateFlee
2485.404	C:/Users/qbiol/Dropbox (Queens College)/2023/Dyad/230313_Dyad10/Yellow/A2F/Videos/GX040537.MP4	3398.61	59.94	Dominant	Foraging	Other		POINT	DominantForaging
2500.832	C:/Users/qbiol/Dropbox (Queens College)/2023/Dyad/230313_Dyad10/Yellow/A2F/Videos/GX040537.MP4	3398.61	59.94	Subordinate	Foraging	Other		POINT	SubordinateForaging
2507.83	C:/Users/qbiol/Dropbox (Queens College)/2023/Dyad/230313_Dyad10/Yellow/A2F/Videos/GX040537.MP4	3398.61	59.94	Subordinate	Foraging	Other		POINT	SubordinateForaging
2509.583	C:/Users/qbiol/Dropbox (Queens College)/2023/Dyad/230313_Dyad10/Yellow/A2F/Videos/GX040537.MP4	3398.61	59.94	Subordinate	Foraging	Other		POINT	SubordinateForaging
2514.868	C:/Users/qbiol/Dropbox (Queens College)/2023/Dyad/230313_Dyad10/Yellow/A2F/Videos/GX040537.MP4	3398.61	59.94	Subordinate	Foraging	Other		POINT	SubordinateForaging
2518.086	C:/Users/qbiol/Dropbox (Queens College)/2023/Dyad/230313_Dyad10/Yellow/A2F/Videos/GX040537.MP4	3398.61	59.94	Subordinate	Foraging	Other		POINT	SubordinateForaging
2521.332	C:/Users/qbiol/Dropbox (Queens College)/2023/Dyad/230313_Dyad10/Yellow/A2F/Videos/GX040537.MP4	3398.61	59.94	Subordinate	Foraging	Other		POINT	SubordinateForaging
2524.094	C:/Users/qbiol/Dropbox (Queens College)/2023/Dyad/230313_Dyad10/Yellow/A2F/Videos/GX040537.MP4	3398.61	59.94	Subordinate	Foraging	Other		POINT	SubordinateForaging
2530.653	C:/Users/qbiol/Dropbox (Queens College)/2023/Dyad/230313_Dyad10/Yellow/A2F/Videos/GX040537.MP4	3398.61	59.94	Dominant	Foraging	Other		POINT	DominantForaging
2537.082	C:/Users/qbiol/Dropbox (Queens College)/2023/Dyad/230313_Dyad10/Yellow/A2F/Videos/GX040537.MP4	3398.61	59.94	Subordinate	Foraging	Other		POINT	SubordinateForaging
2538.962	C:/Users/qbiol/Dropbox (Queens College)/2023/Dyad/230313_Dyad10/Yellow/A2F/Videos/GX040537.MP4	3398.61	59.94	Dominant	bite female	Reproductive		POINT	Dominantbite female
2560.174	C:/Users/qbiol/Dropbox (Queens College)/2023/Dyad/230313_Dyad10/Yellow/A2F/Videos/GX040537.MP4	3398.61	59.94	Dominant	Chases Female	Aggressive		POINT	DominantChases Female
2562.926	C:/Users/qbiol/Dropbox (Queens College)/2023/Dyad/230313_Dyad10/Yellow/A2F/Videos/GX040537.MP4	3398.61	59.94	Dominant	bite female	Reproductive		POINT	Dominantbite female
2567.309	C:/Users/qbiol/Dropbox (Queens College)/2023/Dyad/230313_Dyad10/Yellow/A2F/Videos/GX040537.MP4	3398.61	59.94	Dominant	Chases Female	Aggressive		POINT	DominantChases Female
2569.179	C:/Users/qbiol/Dropbox (Queens College)/2023/Dyad/230313_Dyad10/Yellow/A2F/Videos/GX040537.MP4	3398.61	59.94	Dominant	bite female	Reproductive		POINT	Dominantbite female
2572.927	C:/Users/qbiol/Dropbox (Queens College)/2023/Dyad/230313_Dyad10/Yellow/A2F/Videos/GX040537.MP4	3398.61	59.94	Dominant	bite female	Reproductive		POINT	Dominantbite female
2573.685	C:/Users/qbiol/Dropbox (Queens College)/2023/Dyad/230313_Dyad10/Yellow/A2F/Videos/GX040537.MP4	3398.61	59.94	Dominant	Chases Female	Aggressive		POINT	DominantChases Female
2575.436	C:/Users/qbiol/Dropbox (Queens College)/2023/Dyad/230313_Dyad10/Yellow/A2F/Videos/GX040537.MP4	3398.61	59.94	Dominant	bite female	Reproductive		POINT	Dominantbite female
2592.7	C:/Users/qbiol/Dropbox (Queens College)/2023/Dyad/230313_Dyad10/Yellow/A2F/Videos/GX040537.MP4	3398.61	59.94	Dominant	Chases Male	Aggressive		POINT	DominantChases Male
2592.831	C:/Users/qbiol/Dropbox (Queens College)/2023/Dyad/230313_Dyad10/Yellow/A2F/Videos/GX040537.MP4	3398.61	59.94	Subordinate	Flee	Other		POINT	SubordinateFlee
2601.403	C:/Users/qbiol/Dropbox (Queens College)/2023/Dyad/230313_Dyad10/Yellow/A2F/Videos/GX040537.MP4	3398.61	59.94	Dominant	Foraging	Other		POINT	DominantForaging
2634.994	C:/Users/qbiol/Dropbox (Queens College)/2023/Dyad/230313_Dyad10/Yellow/A2F/Videos/GX040537.MP4	3398.61	59.94	Dominant	Quiver Male	Aggressive		POINT	DominantQuiver Male
2640.997	C:/Users/qbiol/Dropbox (Queens College)/2023/Dyad/230313_Dyad10/Yellow/A2F/Videos/GX040537.MP4	3398.61	59.94	Dominant	Chases Female	Aggressive		POINT	DominantChases Female
2644.249	C:/Users/qbiol/Dropbox (Queens College)/2023/Dyad/230313_Dyad10/Yellow/A2F/Videos/GX040537.MP4	3398.61	59.94	Dominant	Chases Female	Aggressive		POINT	DominantChases Female
2652.581	C:/Users/qbiol/Dropbox (Queens College)/2023/Dyad/230313_Dyad10/Yellow/A2F/Videos/GX040537.MP4	3398.61	59.94	Subordinate	Foraging	Other		POINT	SubordinateForaging
2657.099	C:/Users/qbiol/Dropbox (Queens College)/2023/Dyad/230313_Dyad10/Yellow/A2F/Videos/GX040537.MP4	3398.61	59.94	Subordinate	Foraging	Other		POINT	SubordinateForaging
2660.905	C:/Users/qbiol/Dropbox (Queens College)/2023/Dyad/230313_Dyad10/Yellow/A2F/Videos/GX040537.MP4	3398.61	59.94	Dominant	Foraging	Other		POINT	DominantForaging
2674.78	C:/Users/qbiol/Dropbox (Queens College)/2023/Dyad/230313_Dyad10/Yellow/A2F/Videos/GX040537.MP4	3398.61	59.94	Dominant	bite female	Reproductive		POINT	Dominantbite female
2677.29	C:/Users/qbiol/Dropbox (Queens College)/2023/Dyad/230313_Dyad10/Yellow/A2F/Videos/GX040537.MP4	3398.61	59.94	Dominant	Chases Female	Aggressive		POINT	DominantChases Female
2684.081	C:/Users/qbiol/Dropbox (Queens College)/2023/Dyad/230313_Dyad10/Yellow/A2F/Videos/GX040537.MP4	3398.61	59.94	Subordinate	Foraging	Other		POINT	SubordinateForaging
2685.042	C:/Users/qbiol/Dropbox (Queens College)/2023/Dyad/230313_Dyad10/Yellow/A2F/Videos/GX040537.MP4	3398.61	59.94	Dominant	Chases Male	Aggressive		POINT	DominantChases Male
2685.829	C:/Users/qbiol/Dropbox (Queens College)/2023/Dyad/230313_Dyad10/Yellow/A2F/Videos/GX040537.MP4	3398.61	59.94	Subordinate	Flee	Other		POINT	SubordinateFlee
2694.653	C:/Users/qbiol/Dropbox (Queens College)/2023/Dyad/230313_Dyad10/Yellow/A2F/Videos/GX040537.MP4	3398.61	59.94	Dominant	Foraging	Other		POINT	DominantForaging
2696.555	C:/Users/qbiol/Dropbox (Queens College)/2023/Dyad/230313_Dyad10/Yellow/A2F/Videos/GX040537.MP4	3398.61	59.94	Dominant	Chases Female	Aggressive		POINT	DominantChases Female
2716.903	C:/Users/qbiol/Dropbox (Queens College)/2023/Dyad/230313_Dyad10/Yellow/A2F/Videos/GX040537.MP4	3398.61	59.94	Dominant	Foraging	Other		POINT	DominantForaging
2734.339	C:/Users/qbiol/Dropbox (Queens College)/2023/Dyad/230313_Dyad10/Yellow/A2F/Videos/GX040537.MP4	3398.61	59.94	Subordinate	Foraging	Other		POINT	SubordinateForaging
2740.829	C:/Users/qbiol/Dropbox (Queens College)/2023/Dyad/230313_Dyad10/Yellow/A2F/Videos/GX040537.MP4	3398.61	59.94	Subordinate	Foraging	Other		POINT	SubordinateForaging
2745.857	C:/Users/qbiol/Dropbox (Queens College)/2023/Dyad/230313_Dyad10/Yellow/A2F/Videos/GX040537.MP4	3398.61	59.94	Dominant	bite female	Reproductive		POINT	Dominantbite female
2747.079	C:/Users/qbiol/Dropbox (Queens College)/2023/Dyad/230313_Dyad10/Yellow/A2F/Videos/GX040537.MP4	3398.61	59.94	Subordinate	Foraging	Other		POINT	SubordinateForaging
2753.865	C:/Users/qbiol/Dropbox (Queens College)/2023/Dyad/230313_Dyad10/Yellow/A2F/Videos/GX040537.MP4	3398.61	59.94	Dominant	bite female	Reproductive		POINT	Dominantbite female
2759.082	C:/Users/qbiol/Dropbox (Queens College)/2023/Dyad/230313_Dyad10/Yellow/A2F/Videos/GX040537.MP4	3398.61	59.94	Subordinate	Foraging	Other		POINT	SubordinateForaging
2761.119	C:/Users/qbiol/Dropbox (Queens College)/2023/Dyad/230313_Dyad10/Yellow/A2F/Videos/GX040537.MP4	3398.61	59.94	Dominant	Chases Female	Aggressive		POINT	DominantChases Female
2766.903	C:/Users/qbiol/Dropbox (Queens College)/2023/Dyad/230313_Dyad10/Yellow/A2F/Videos/GX040537.MP4	3398.61	59.94	Dominant	Foraging	Other		POINT	DominantForaging
2768.118	C:/Users/qbiol/Dropbox (Queens College)/2023/Dyad/230313_Dyad10/Yellow/A2F/Videos/GX040537.MP4	3398.61	59.94	Dominant	Chases Female	Aggressive		POINT	DominantChases Female
2778.375	C:/Users/qbiol/Dropbox (Queens College)/2023/Dyad/230313_Dyad10/Yellow/A2F/Videos/GX040537.MP4	3398.61	59.94	Dominant	Chases Female	Aggressive		POINT	DominantChases Female
2778.579	C:/Users/qbiol/Dropbox (Queens College)/2023/Dyad/230313_Dyad10/Yellow/A2F/Videos/GX040537.MP4	3398.61	59.94	Subordinate	Foraging	Other		POINT	SubordinateForaging
2780.33	C:/Users/qbiol/Dropbox (Queens College)/2023/Dyad/230313_Dyad10/Yellow/A2F/Videos/GX040537.MP4	3398.61	59.94	Subordinate	Foraging	Other		POINT	SubordinateForaging
2782.075	C:/Users/qbiol/Dropbox (Queens College)/2023/Dyad/230313_Dyad10/Yellow/A2F/Videos/GX040537.MP4	3398.61	59.94	Subordinate	Foraging	Other		POINT	SubordinateForaging
2792.64	C:/Users/qbiol/Dropbox (Queens College)/2023/Dyad/230313_Dyad10/Yellow/A2F/Videos/GX040537.MP4	3398.61	59.94	Dominant	Chases Female	Aggressive		POINT	DominantChases Female
2794.15	C:/Users/qbiol/Dropbox (Queens College)/2023/Dyad/230313_Dyad10/Yellow/A2F/Videos/GX040537.MP4	3398.61	59.94	Dominant	bite female	Reproductive		POINT	Dominantbite female
2799.654	C:/Users/qbiol/Dropbox (Queens College)/2023/Dyad/230313_Dyad10/Yellow/A2F/Videos/GX040537.MP4	3398.61	59.94	Dominant	bite female	Reproductive		POINT	Dominantbite female
2803.579	C:/Users/qbiol/Dropbox (Queens College)/2023/Dyad/230313_Dyad10/Yellow/A2F/Videos/GX040537.MP4	3398.61	59.94	Subordinate	Foraging	Other		POINT	SubordinateForaging
2809.421	C:/Users/qbiol/Dropbox (Queens College)/2023/Dyad/230313_Dyad10/Yellow/A2F/Videos/GX040537.MP4	3398.61	59.94	Dominant	Chases Female	Aggressive		POINT	DominantChases Female
2813.332	C:/Users/qbiol/Dropbox (Queens College)/2023/Dyad/230313_Dyad10/Yellow/A2F/Videos/GX040537.MP4	3398.61	59.94	Subordinate	Foraging	Other		POINT	SubordinateForaging
2823.905	C:/Users/qbiol/Dropbox (Queens College)/2023/Dyad/230313_Dyad10/Yellow/A2F/Videos/GX040537.MP4	3398.61	59.94	Dominant	Foraging	Other		POINT	DominantForaging
2837.2	C:/Users/qbiol/Dropbox (Queens College)/2023/Dyad/230313_Dyad10/Yellow/A2F/Videos/GX050537.MP4	3398.61	59.94	Dominant	bite female	Reproductive		POINT	Dominantbite female
2845.048	C:/Users/qbiol/Dropbox (Queens College)/2023/Dyad/230313_Dyad10/Yellow/A2F/Videos/GX050537.MP4	3398.61	59.94	Dominant	Chases Female	Aggressive		POINT	DominantChases Female
2863.255	C:/Users/qbiol/Dropbox (Queens College)/2023/Dyad/230313_Dyad10/Yellow/A2F/Videos/GX050537.MP4	3398.61	59.94	Dominant	Foraging	Other		POINT	DominantForaging
2887.236	C:/Users/qbiol/Dropbox (Queens College)/2023/Dyad/230313_Dyad10/Yellow/A2F/Videos/GX050537.MP4	3398.61	59.94	Dominant	Chases Male	Aggressive		POINT	DominantChases Male
2888.249	C:/Users/qbiol/Dropbox (Queens College)/2023/Dyad/230313_Dyad10/Yellow/A2F/Videos/GX050537.MP4	3398.61	59.94	Subordinate	Flee	Other		POINT	SubordinateFlee
2895.505	C:/Users/qbiol/Dropbox (Queens College)/2023/Dyad/230313_Dyad10/Yellow/A2F/Videos/GX050537.MP4	3398.61	59.94	Dominant	Chases Female	Aggressive		POINT	DominantChases Female
2915.789	C:/Users/qbiol/Dropbox (Queens College)/2023/Dyad/230313_Dyad10/Yellow/A2F/Videos/GX050537.MP4	3398.61	59.94	Dominant	Entry /Exit Pot	Reproductive		POINT	DominantEntry /Exit Pot
2929.003	C:/Users/qbiol/Dropbox (Queens College)/2023/Dyad/230313_Dyad10/Yellow/A2F/Videos/GX050537.MP4	3398.61	59.94	Dominant	Dig Pot/Substrate	Reproductive		POINT	DominantDig Pot/Substrate
2931.501	C:/Users/qbiol/Dropbox (Queens College)/2023/Dyad/230313_Dyad10/Yellow/A2F/Videos/GX050537.MP4	3398.61	59.94	Subordinate	Foraging	Other		POINT	SubordinateForaging
2932.032	C:/Users/qbiol/Dropbox (Queens College)/2023/Dyad/230313_Dyad10/Yellow/A2F/Videos/GX050537.MP4	3398.61	59.94	Dominant	Entry /Exit Pot	Reproductive		POINT	DominantEntry /Exit Pot
2949.004	C:/Users/qbiol/Dropbox (Queens College)/2023/Dyad/230313_Dyad10/Yellow/A2F/Videos/GX050537.MP4	3398.61	59.94	Subordinate	Foraging	Other		POINT	SubordinateForaging
2955.246	C:/Users/qbiol/Dropbox (Queens College)/2023/Dyad/230313_Dyad10/Yellow/A2F/Videos/GX050537.MP4	3398.61	59.94	Subordinate	Foraging	Other		POINT	SubordinateForaging
2959.749	C:/Users/qbiol/Dropbox (Queens College)/2023/Dyad/230313_Dyad10/Yellow/A2F/Videos/GX050537.MP4	3398.61	59.94	Subordinate	Foraging	Other		POINT	SubordinateForaging
2965.748	C:/Users/qbiol/Dropbox (Queens College)/2023/Dyad/230313_Dyad10/Yellow/A2F/Videos/GX050537.MP4	3398.61	59.94	Subordinate	Foraging	Other		POINT	SubordinateForaging
2974.25	C:/Users/qbiol/Dropbox (Queens College)/2023/Dyad/230313_Dyad10/Yellow/A2F/Videos/GX050537.MP4	3398.61	59.94	Subordinate	Foraging	Other		POINT	SubordinateForaging
2977.248	C:/Users/qbiol/Dropbox (Queens College)/2023/Dyad/230313_Dyad10/Yellow/A2F/Videos/GX050537.MP4	3398.61	59.94	Subordinate	Foraging	Other		POINT	SubordinateForaging
2987.245	C:/Users/qbiol/Dropbox (Queens College)/2023/Dyad/230313_Dyad10/Yellow/A2F/Videos/GX050537.MP4	3398.61	59.94	Subordinate	Foraging	Other		POINT	SubordinateForaging
2989.858	C:/Users/qbiol/Dropbox (Queens College)/2023/Dyad/230313_Dyad10/Yellow/A2F/Videos/GX050537.MP4	3398.61	59.94	Subordinate	Foraging	Other		POINT	SubordinateForaging
2994.748	C:/Users/qbiol/Dropbox (Queens College)/2023/Dyad/230313_Dyad10/Yellow/A2F/Videos/GX050537.MP4	3398.61	59.94	Subordinate	Foraging	Other		POINT	SubordinateForaging
3002.743	C:/Users/qbiol/Dropbox (Queens College)/2023/Dyad/230313_Dyad10/Yellow/A2F/Videos/GX050537.MP4	3398.61	59.94	Subordinate	Foraging	Other		POINT	SubordinateForaging
3011.37	C:/Users/qbiol/Dropbox (Queens College)/2023/Dyad/230313_Dyad10/Yellow/A2F/Videos/GX050537.MP4	3398.61	59.94	Dominant	bite female	Reproductive		POINT	Dominantbite female
3014.248	C:/Users/qbiol/Dropbox (Queens College)/2023/Dyad/230313_Dyad10/Yellow/A2F/Videos/GX050537.MP4	3398.61	59.94	Subordinate	Foraging	Other		POINT	SubordinateForaging
3017.876	C:/Users/qbiol/Dropbox (Queens College)/2023/Dyad/230313_Dyad10/Yellow/A2F/Videos/GX050537.MP4	3398.61	59.94	Dominant	Chases Female	Aggressive		POINT	DominantChases Female
3023.505	C:/Users/qbiol/Dropbox (Queens College)/2023/Dyad/230313_Dyad10/Yellow/A2F/Videos/GX050537.MP4	3398.61	59.94	Dominant	Bite	Aggressive		POINT	DominantBite
3023.742	C:/Users/qbiol/Dropbox (Queens College)/2023/Dyad/230313_Dyad10/Yellow/A2F/Videos/GX050537.MP4	3398.61	59.94	Subordinate	Flee	Other		POINT	SubordinateFlee
3025.753	C:/Users/qbiol/Dropbox (Queens College)/2023/Dyad/230313_Dyad10/Yellow/A2F/Videos/GX050537.MP4	3398.61	59.94	Dominant	Foraging	Other		POINT	DominantForaging
3046.758	C:/Users/qbiol/Dropbox (Queens College)/2023/Dyad/230313_Dyad10/Yellow/A2F/Videos/GX050537.MP4	3398.61	59.94	Dominant	Foraging	Other		POINT	DominantForaging
3056.638	C:/Users/qbiol/Dropbox (Queens College)/2023/Dyad/230313_Dyad10/Yellow/A2F/Videos/GX050537.MP4	3398.61	59.94	Dominant	Chases Male	Aggressive		POINT	DominantChases Male
3056.858	C:/Users/qbiol/Dropbox (Queens College)/2023/Dyad/230313_Dyad10/Yellow/A2F/Videos/GX050537.MP4	3398.61	59.94	Subordinate	Flee	Other		POINT	SubordinateFlee
3065.18	C:/Users/qbiol/Dropbox (Queens College)/2023/Dyad/230313_Dyad10/Yellow/A2F/Videos/GX050537.MP4	3398.61	59.94	Dominant	Chases Female	Aggressive		POINT	DominantChases Female
3073.138	C:/Users/qbiol/Dropbox (Queens College)/2023/Dyad/230313_Dyad10/Yellow/A2F/Videos/GX050537.MP4	3398.61	59.94	Subordinate	Foraging	Other		POINT	SubordinateForaging
3078.637	C:/Users/qbiol/Dropbox (Queens College)/2023/Dyad/230313_Dyad10/Yellow/A2F/Videos/GX050537.MP4	3398.61	59.94	Subordinate	Foraging	Other		POINT	SubordinateForaging
3084.003	C:/Users/qbiol/Dropbox (Queens College)/2023/Dyad/230313_Dyad10/Yellow/A2F/Videos/GX050537.MP4	3398.61	59.94	Dominant	Foraging	Other		POINT	DominantForaging
3105.505	C:/Users/qbiol/Dropbox (Queens College)/2023/Dyad/230313_Dyad10/Yellow/A2F/Videos/GX050537.MP4	3398.61	59.94	Dominant	Foraging	Other		POINT	DominantForaging
3122.136	C:/Users/qbiol/Dropbox (Queens College)/2023/Dyad/230313_Dyad10/Yellow/A2F/Videos/GX050537.MP4	3398.61	59.94	Subordinate	Foraging	Other		POINT	SubordinateForaging
3128.641	C:/Users/qbiol/Dropbox (Queens College)/2023/Dyad/230313_Dyad10/Yellow/A2F/Videos/GX050537.MP4	3398.61	59.94	Subordinate	Foraging	Other		POINT	SubordinateForaging
3138.137	C:/Users/qbiol/Dropbox (Queens College)/2023/Dyad/230313_Dyad10/Yellow/A2F/Videos/GX050537.MP4	3398.61	59.94	Subordinate	Foraging	Other		POINT	SubordinateForaging
3145.637	C:/Users/qbiol/Dropbox (Queens College)/2023/Dyad/230313_Dyad10/Yellow/A2F/Videos/GX050537.MP4	3398.61	59.94	Subordinate	Foraging	Other		POINT	SubordinateForaging
3150.637	C:/Users/qbiol/Dropbox (Queens College)/2023/Dyad/230313_Dyad10/Yellow/A2F/Videos/GX050537.MP4	3398.61	59.94	Subordinate	Foraging	Other		POINT	SubordinateForaging
3152.27	C:/Users/qbiol/Dropbox (Queens College)/2023/Dyad/230313_Dyad10/Yellow/A2F/Videos/GX050537.MP4	3398.61	59.94	Dominant	bite female	Reproductive		POINT	Dominantbite female
3163.647	C:/Users/qbiol/Dropbox (Queens College)/2023/Dyad/230313_Dyad10/Yellow/A2F/Videos/GX050537.MP4	3398.61	59.94	Subordinate	Foraging	Other		POINT	SubordinateForaging
3168.645	C:/Users/qbiol/Dropbox (Queens College)/2023/Dyad/230313_Dyad10/Yellow/A2F/Videos/GX050537.MP4	3398.61	59.94	Subordinate	Foraging	Other		POINT	SubordinateForaging
3180	C:/Users/qbiol/Dropbox (Queens College)/2023/Dyad/230313_Dyad10/Yellow/A2F/Videos/GX050537.MP4	3398.61	59.94	Dominant	Foraging	Other		POINT	DominantForaging
3199.121	C:/Users/qbiol/Dropbox (Queens College)/2023/Dyad/230313_Dyad10/Yellow/A2F/Videos/GX050537.MP4	3398.61	59.94	Dominant	Chases Female	Aggressive		POINT	DominantChases Female
3203.185	C:/Users/qbiol/Dropbox (Queens College)/2023/Dyad/230313_Dyad10/Yellow/A2F/Videos/GX050537.MP4	3398.61	59.94	Subordinate	Foraging	Other		POINT	SubordinateForaging
3205.818	C:/Users/qbiol/Dropbox (Queens College)/2023/Dyad/230313_Dyad10/Yellow/A2F/Videos/GX050537.MP4	3398.61	59.94	Dominant	Entry /Exit Pot	Reproductive		POINT	DominantEntry /Exit Pot
3217.385	C:/Users/qbiol/Dropbox (Queens College)/2023/Dyad/230313_Dyad10/Yellow/A2F/Videos/GX050537.MP4	3398.61	59.94	Subordinate	Foraging	Other		POINT	SubordinateForaging
3222.005	C:/Users/qbiol/Dropbox (Queens College)/2023/Dyad/230313_Dyad10/Yellow/A2F/Videos/GX050537.MP4	3398.61	59.94	Dominant	Dig Pot/Substrate	Reproductive		POINT	DominantDig Pot/Substrate
3234.067	C:/Users/qbiol/Dropbox (Queens College)/2023/Dyad/230313_Dyad10/Yellow/A2F/Videos/GX050537.MP4	3398.61	59.94	Dominant	Entry /Exit Pot	Reproductive		POINT	DominantEntry /Exit Pot
3237.197	C:/Users/qbiol/Dropbox (Queens College)/2023/Dyad/230313_Dyad10/Yellow/A2F/Videos/GX050537.MP4	3398.61	59.94	Dominant	Entry /Exit Pot	Reproductive		POINT	DominantEntry /Exit Pot
3241.005	C:/Users/qbiol/Dropbox (Queens College)/2023/Dyad/230313_Dyad10/Yellow/A2F/Videos/GX050537.MP4	3398.61	59.94	Dominant	Dig Pot/Substrate	Reproductive		POINT	DominantDig Pot/Substrate
3246.847	C:/Users/qbiol/Dropbox (Queens College)/2023/Dyad/230313_Dyad10/Yellow/A2F/Videos/GX050537.MP4	3398.61	59.94	Dominant	Dig Pot/Substrate	Reproductive		POINT	DominantDig Pot/Substrate
3251.169	C:/Users/qbiol/Dropbox (Queens College)/2023/Dyad/230313_Dyad10/Yellow/A2F/Videos/GX050537.MP4	3398.61	59.94	Dominant	Entry /Exit Pot	Reproductive		POINT	DominantEntry /Exit Pot
3257.091	C:/Users/qbiol/Dropbox (Queens College)/2023/Dyad/230313_Dyad10/Yellow/A2F/Videos/GX050537.MP4	3398.61	59.94	Dominant	Chases Female	Aggressive		POINT	DominantChases Female
3258.393	C:/Users/qbiol/Dropbox (Queens College)/2023/Dyad/230313_Dyad10/Yellow/A2F/Videos/GX050537.MP4	3398.61	59.94	Subordinate	Foraging	Other		POINT	SubordinateForaging
3266.886	C:/Users/qbiol/Dropbox (Queens College)/2023/Dyad/230313_Dyad10/Yellow/A2F/Videos/GX050537.MP4	3398.61	59.94	Subordinate	Foraging	Other		POINT	SubordinateForaging
3269.393	C:/Users/qbiol/Dropbox (Queens College)/2023/Dyad/230313_Dyad10/Yellow/A2F/Videos/GX050537.MP4	3398.61	59.94	Subordinate	Foraging	Other		POINT	SubordinateForaging
3271.003	C:/Users/qbiol/Dropbox (Queens College)/2023/Dyad/230313_Dyad10/Yellow/A2F/Videos/GX050537.MP4	3398.61	59.94	Dominant	Foraging	Other		POINT	DominantForaging
3274.892	C:/Users/qbiol/Dropbox (Queens College)/2023/Dyad/230313_Dyad10/Yellow/A2F/Videos/GX050537.MP4	3398.61	59.94	Subordinate	Foraging	Other		POINT	SubordinateForaging
3277.392	C:/Users/qbiol/Dropbox (Queens College)/2023/Dyad/230313_Dyad10/Yellow/A2F/Videos/GX050537.MP4	3398.61	59.94	Subordinate	Foraging	Other		POINT	SubordinateForaging
3280.892	C:/Users/qbiol/Dropbox (Queens College)/2023/Dyad/230313_Dyad10/Yellow/A2F/Videos/GX050537.MP4	3398.61	59.94	Subordinate	Foraging	Other		POINT	SubordinateForaging
3282.391	C:/Users/qbiol/Dropbox (Queens College)/2023/Dyad/230313_Dyad10/Yellow/A2F/Videos/GX050537.MP4	3398.61	59.94	Subordinate	Foraging	Other		POINT	SubordinateForaging
3285.395	C:/Users/qbiol/Dropbox (Queens College)/2023/Dyad/230313_Dyad10/Yellow/A2F/Videos/GX050537.MP4	3398.61	59.94	Subordinate	Foraging	Other		POINT	SubordinateForaging
3289.895	C:/Users/qbiol/Dropbox (Queens College)/2023/Dyad/230313_Dyad10/Yellow/A2F/Videos/GX050537.MP4	3398.61	59.94	Subordinate	Foraging	Other		POINT	SubordinateForaging
3291.003	C:/Users/qbiol/Dropbox (Queens College)/2023/Dyad/230313_Dyad10/Yellow/A2F/Videos/GX050537.MP4	3398.61	59.94	Dominant	Foraging	Other		POINT	DominantForaging
3291.891	C:/Users/qbiol/Dropbox (Queens College)/2023/Dyad/230313_Dyad10/Yellow/A2F/Videos/GX050537.MP4	3398.61	59.94	Subordinate	Foraging	Other		POINT	SubordinateForaging
3293.889	C:/Users/qbiol/Dropbox (Queens College)/2023/Dyad/230313_Dyad10/Yellow/A2F/Videos/GX050537.MP4	3398.61	59.94	Subordinate	Foraging	Other		POINT	SubordinateForaging
3299.66	C:/Users/qbiol/Dropbox (Queens College)/2023/Dyad/230313_Dyad10/Yellow/A2F/Videos/GX050537.MP4	3398.61	59.94	Dominant	Chases Female	Aggressive		POINT	DominantChases Female
3302.638	C:/Users/qbiol/Dropbox (Queens College)/2023/Dyad/230313_Dyad10/Yellow/A2F/Videos/GX050537.MP4	3398.61	59.94	Subordinate	Foraging	Other		POINT	SubordinateForaging
3303.416	C:/Users/qbiol/Dropbox (Queens College)/2023/Dyad/230313_Dyad10/Yellow/A2F/Videos/GX050537.MP4	3398.61	59.94	Dominant	Quiver Male	Aggressive		POINT	DominantQuiver Male
3304.633	C:/Users/qbiol/Dropbox (Queens College)/2023/Dyad/230313_Dyad10/Yellow/A2F/Videos/GX050537.MP4	3398.61	59.94	Subordinate	Foraging	Other		POINT	SubordinateForaging
3304.666	C:/Users/qbiol/Dropbox (Queens College)/2023/Dyad/230313_Dyad10/Yellow/A2F/Videos/GX050537.MP4	3398.61	59.94	Dominant	Chases Female	Aggressive		POINT	DominantChases Female
3322.25	C:/Users/qbiol/Dropbox (Queens College)/2023/Dyad/230313_Dyad10/Yellow/A2F/Videos/GX050537.MP4	3398.61	59.94	Dominant	Foraging	Other		POINT	DominantForaging
3353.503	C:/Users/qbiol/Dropbox (Queens College)/2023/Dyad/230313_Dyad10/Yellow/A2F/Videos/GX050537.MP4	3398.61	59.94	Dominant	Foraging	Other		POINT	DominantForaging
3358.753	C:/Users/qbiol/Dropbox (Queens College)/2023/Dyad/230313_Dyad10/Yellow/A2F/Videos/GX050537.MP4	3398.61	59.94	Dominant	Foraging	Other		POINT	DominantForaging
3363.64	C:/Users/qbiol/Dropbox (Queens College)/2023/Dyad/230313_Dyad10/Yellow/A2F/Videos/GX050537.MP4	3398.61	59.94	Subordinate	Foraging	Other		POINT	SubordinateForaging
3370.945	C:/Users/qbiol/Dropbox (Queens College)/2023/Dyad/230313_Dyad10/Yellow/A2F/Videos/GX050537.MP4	3398.61	59.94	Dominant	Entry /Exit Pot	Reproductive		POINT	DominantEntry /Exit Pot
3379	C:/Users/qbiol/Dropbox (Queens College)/2023/Dyad/230313_Dyad10/Yellow/A2F/Videos/GX050537.MP4	3398.61	59.94	Dominant	Dig Pot/Substrate	Reproductive		POINT	DominantDig Pot/Substrate
3385.804	C:/Users/qbiol/Dropbox (Queens College)/2023/Dyad/230313_Dyad10/Yellow/A2F/Videos/GX050537.MP4	3398.61	59.94	Subordinate	Foraging	Other		POINT	SubordinateForaging