Observation id	D12_B2C							
								
Media file(s)								
								
Player #1	C:/Users/qbiol/Dropbox (Queens College)/2023/Dyad/230524_Dyad 12/Yellow/B2C/Videos/GX010554.MP4							
Player #1	C:/Users/qbiol/Dropbox (Queens College)/2023/Dyad/230524_Dyad 12/Yellow/B2C/Videos/GX020554.MP4							
Player #1	C:/Users/qbiol/Dropbox (Queens College)/2023/Dyad/230524_Dyad 12/Yellow/B2C/Videos/GX030554.MP4							
Player #1	C:/Users/qbiol/Dropbox (Queens College)/2023/Dyad/230524_Dyad 12/Yellow/B2C/Videos/GX040554.MP4							
								
Observation date	2024-01-17 23:13:11							
								
Description								
								
Time offset (s)	0.000							
								
independent variables								
variable	value							
								
Time	Media file path	Total length	FPS	Subject	Behavior	Behavioral category	Comment	Status
903.050	C:/Users/qbiol/Dropbox (Queens College)/2023/Dyad/230524_Dyad 12/Yellow/B2C/Videos/GX010554.MP4	3873.230	29.97	Dominant	Foraging	Other		START
903.050	C:/Users/qbiol/Dropbox (Queens College)/2023/Dyad/230524_Dyad 12/Yellow/B2C/Videos/GX010554.MP4	3873.230	29.97	Subordinate	Flee	Other		POINT
925.549	C:/Users/qbiol/Dropbox (Queens College)/2023/Dyad/230524_Dyad 12/Yellow/B2C/Videos/GX010554.MP4	3873.230	29.97	Dominant	Chases female	Aggressive		POINT
952.301	C:/Users/qbiol/Dropbox (Queens College)/2023/Dyad/230524_Dyad 12/Yellow/B2C/Videos/GX010554.MP4	3873.230	29.97	Dominant	Chases male	Aggressive		POINT
952.595	C:/Users/qbiol/Dropbox (Queens College)/2023/Dyad/230524_Dyad 12/Yellow/B2C/Videos/GX010554.MP4	3873.230	29.97	Dominant	Flee	Other		POINT
962.060	C:/Users/qbiol/Dropbox (Queens College)/2023/Dyad/230524_Dyad 12/Yellow/B2C/Videos/GX010554.MP4	3873.230	29.97	Dominant	Chases female	Aggressive		POINT
966.609	C:/Users/qbiol/Dropbox (Queens College)/2023/Dyad/230524_Dyad 12/Yellow/B2C/Videos/GX010554.MP4	3873.230	29.97	Dominant	Bite	Aggressive		POINT
975.859	C:/Users/qbiol/Dropbox (Queens College)/2023/Dyad/230524_Dyad 12/Yellow/B2C/Videos/GX010554.MP4	3873.230	29.97	Dominant	Chases female	Aggressive		POINT
992.642	C:/Users/qbiol/Dropbox (Queens College)/2023/Dyad/230524_Dyad 12/Yellow/B2C/Videos/GX010554.MP4	3873.230	29.97	Dominant	Chases male	Aggressive		POINT
1007.554	C:/Users/qbiol/Dropbox (Queens College)/2023/Dyad/230524_Dyad 12/Yellow/B2C/Videos/GX010554.MP4	3873.230	29.97	Subordinate	Flee	Other		POINT
1009.892	C:/Users/qbiol/Dropbox (Queens College)/2023/Dyad/230524_Dyad 12/Yellow/B2C/Videos/GX010554.MP4	3873.230	29.97	Dominant	Chases female	Aggressive		POINT
1014.055	C:/Users/qbiol/Dropbox (Queens College)/2023/Dyad/230524_Dyad 12/Yellow/B2C/Videos/GX010554.MP4	3873.230	29.97	Dominant	Chases male	Aggressive		POINT
1014.055	C:/Users/qbiol/Dropbox (Queens College)/2023/Dyad/230524_Dyad 12/Yellow/B2C/Videos/GX010554.MP4	3873.230	29.97	Subordinate	Flee	Other		POINT
1018.415	C:/Users/qbiol/Dropbox (Queens College)/2023/Dyad/230524_Dyad 12/Yellow/B2C/Videos/GX010554.MP4	3873.230	29.97	Dominant	Quiver female	Reproductive		POINT
1020.914	C:/Users/qbiol/Dropbox (Queens College)/2023/Dyad/230524_Dyad 12/Yellow/B2C/Videos/GX010554.MP4	3873.230	29.97	Dominant	Bite	Aggressive		POINT
1020.914	C:/Users/qbiol/Dropbox (Queens College)/2023/Dyad/230524_Dyad 12/Yellow/B2C/Videos/GX010554.MP4	3873.230	29.97	Dominant	Chases female	Aggressive		POINT
1071.478	C:/Users/qbiol/Dropbox (Queens College)/2023/Dyad/230524_Dyad 12/Yellow/B2C/Videos/GX020554.MP4	3873.230	29.97	Dominant	Chases female	Aggressive		POINT
1077.984	C:/Users/qbiol/Dropbox (Queens College)/2023/Dyad/230524_Dyad 12/Yellow/B2C/Videos/GX020554.MP4	3873.230	29.97	Dominant	Chases female	Aggressive		POINT
1082.233	C:/Users/qbiol/Dropbox (Queens College)/2023/Dyad/230524_Dyad 12/Yellow/B2C/Videos/GX020554.MP4	3873.230	29.97	Dominant	Chases female	Aggressive		POINT
1101.483	C:/Users/qbiol/Dropbox (Queens College)/2023/Dyad/230524_Dyad 12/Yellow/B2C/Videos/GX020554.MP4	3873.230	29.97	Dominant	Foraging	Other		STOP
1118.030	C:/Users/qbiol/Dropbox (Queens College)/2023/Dyad/230524_Dyad 12/Yellow/B2C/Videos/GX020554.MP4	3873.230	29.97	Subordinate	Flee	Other		POINT
1118.483	C:/Users/qbiol/Dropbox (Queens College)/2023/Dyad/230524_Dyad 12/Yellow/B2C/Videos/GX020554.MP4	3873.230	29.97	Dominant	Foraging	Other		START
1138.282	C:/Users/qbiol/Dropbox (Queens College)/2023/Dyad/230524_Dyad 12/Yellow/B2C/Videos/GX020554.MP4	3873.230	29.97	Dominant	Chases male	Aggressive		POINT
1138.282	C:/Users/qbiol/Dropbox (Queens College)/2023/Dyad/230524_Dyad 12/Yellow/B2C/Videos/GX020554.MP4	3873.230	29.97	Subordinate	Flee	Other		POINT
1142.282	C:/Users/qbiol/Dropbox (Queens College)/2023/Dyad/230524_Dyad 12/Yellow/B2C/Videos/GX020554.MP4	3873.230	29.97	Dominant	Bite	Aggressive		POINT
1164.734	C:/Users/qbiol/Dropbox (Queens College)/2023/Dyad/230524_Dyad 12/Yellow/B2C/Videos/GX020554.MP4	3873.230	29.97	Dominant	Chases female	Aggressive		POINT
1175.985	C:/Users/qbiol/Dropbox (Queens College)/2023/Dyad/230524_Dyad 12/Yellow/B2C/Videos/GX020554.MP4	3873.230	29.97	Dominant	Chases female	Aggressive		POINT
1189.734	C:/Users/qbiol/Dropbox (Queens College)/2023/Dyad/230524_Dyad 12/Yellow/B2C/Videos/GX020554.MP4	3873.230	29.97	Dominant	Chases female	Aggressive		POINT
1210.982	C:/Users/qbiol/Dropbox (Queens College)/2023/Dyad/230524_Dyad 12/Yellow/B2C/Videos/GX020554.MP4	3873.230	29.97	Dominant	Chases male	Aggressive		POINT
1210.982	C:/Users/qbiol/Dropbox (Queens College)/2023/Dyad/230524_Dyad 12/Yellow/B2C/Videos/GX020554.MP4	3873.230	29.97	Subordinate	Flee	Other		POINT
1215.733	C:/Users/qbiol/Dropbox (Queens College)/2023/Dyad/230524_Dyad 12/Yellow/B2C/Videos/GX020554.MP4	3873.230	29.97	Dominant	Bite	Aggressive		POINT
1215.733	C:/Users/qbiol/Dropbox (Queens College)/2023/Dyad/230524_Dyad 12/Yellow/B2C/Videos/GX020554.MP4	3873.230	29.97	Dominant	Chases male	Aggressive		POINT
1215.733	C:/Users/qbiol/Dropbox (Queens College)/2023/Dyad/230524_Dyad 12/Yellow/B2C/Videos/GX020554.MP4	3873.230	29.97	Subordinate	Flee	Other		POINT
1223.483	C:/Users/qbiol/Dropbox (Queens College)/2023/Dyad/230524_Dyad 12/Yellow/B2C/Videos/GX020554.MP4	3873.230	29.97	Dominant	Bite female	Reproductive		POINT
1228.733	C:/Users/qbiol/Dropbox (Queens College)/2023/Dyad/230524_Dyad 12/Yellow/B2C/Videos/GX020554.MP4	3873.230	29.97	Dominant	Chases male	Aggressive		POINT
1232.233	C:/Users/qbiol/Dropbox (Queens College)/2023/Dyad/230524_Dyad 12/Yellow/B2C/Videos/GX020554.MP4	3873.230	29.97	Dominant	Chases male	Aggressive		POINT
1241.983	C:/Users/qbiol/Dropbox (Queens College)/2023/Dyad/230524_Dyad 12/Yellow/B2C/Videos/GX020554.MP4	3873.230	29.97	Dominant	Entry/exit pot	Reproductive		POINT
1245.379	C:/Users/qbiol/Dropbox (Queens College)/2023/Dyad/230524_Dyad 12/Yellow/B2C/Videos/GX020554.MP4	3873.230	29.97	Subordinate	Flee	Other		POINT
1255.639	C:/Users/qbiol/Dropbox (Queens College)/2023/Dyad/230524_Dyad 12/Yellow/B2C/Videos/GX020554.MP4	3873.230	29.97	Subordinate	Flee	Other		POINT
1256.483	C:/Users/qbiol/Dropbox (Queens College)/2023/Dyad/230524_Dyad 12/Yellow/B2C/Videos/GX020554.MP4	3873.230	29.97	Dominant	Entry/exit pot	Reproductive		POINT
1257.128	C:/Users/qbiol/Dropbox (Queens College)/2023/Dyad/230524_Dyad 12/Yellow/B2C/Videos/GX020554.MP4	3873.230	29.97	Dominant	Chases male	Aggressive		POINT
1257.128	C:/Users/qbiol/Dropbox (Queens College)/2023/Dyad/230524_Dyad 12/Yellow/B2C/Videos/GX020554.MP4	3873.230	29.97	Subordinate	Flee	Other		POINT
1267.163	C:/Users/qbiol/Dropbox (Queens College)/2023/Dyad/230524_Dyad 12/Yellow/B2C/Videos/GX020554.MP4	3873.230	29.97	Subordinate	Flee	Other		POINT
1270.128	C:/Users/qbiol/Dropbox (Queens College)/2023/Dyad/230524_Dyad 12/Yellow/B2C/Videos/GX020554.MP4	3873.230	29.97	Dominant	Chases male	Aggressive		POINT
1270.128	C:/Users/qbiol/Dropbox (Queens College)/2023/Dyad/230524_Dyad 12/Yellow/B2C/Videos/GX020554.MP4	3873.230	29.97	Subordinate	Flee	Other		POINT
1301.626	C:/Users/qbiol/Dropbox (Queens College)/2023/Dyad/230524_Dyad 12/Yellow/B2C/Videos/GX020554.MP4	3873.230	29.97	Dominant	Chases male	Aggressive		POINT
1301.626	C:/Users/qbiol/Dropbox (Queens College)/2023/Dyad/230524_Dyad 12/Yellow/B2C/Videos/GX020554.MP4	3873.230	29.97	Subordinate	Flee	Other		POINT
1305.483	C:/Users/qbiol/Dropbox (Queens College)/2023/Dyad/230524_Dyad 12/Yellow/B2C/Videos/GX020554.MP4	3873.230	29.97	Dominant	Chases female	Aggressive		POINT
1308.233	C:/Users/qbiol/Dropbox (Queens College)/2023/Dyad/230524_Dyad 12/Yellow/B2C/Videos/GX020554.MP4	3873.230	29.97	Dominant	Chases female	Aggressive		POINT
1330.483	C:/Users/qbiol/Dropbox (Queens College)/2023/Dyad/230524_Dyad 12/Yellow/B2C/Videos/GX020554.MP4	3873.230	29.97	Dominant	Chases female	Aggressive		POINT
1333.217	C:/Users/qbiol/Dropbox (Queens College)/2023/Dyad/230524_Dyad 12/Yellow/B2C/Videos/GX020554.MP4	3873.230	29.97	Dominant	Chases male	Aggressive		POINT
1333.217	C:/Users/qbiol/Dropbox (Queens College)/2023/Dyad/230524_Dyad 12/Yellow/B2C/Videos/GX020554.MP4	3873.230	29.97	Subordinate	Flee	Other		POINT
1337.501	C:/Users/qbiol/Dropbox (Queens College)/2023/Dyad/230524_Dyad 12/Yellow/B2C/Videos/GX020554.MP4	3873.230	29.97	Subordinate	Flee	Other		POINT
1343.001	C:/Users/qbiol/Dropbox (Queens College)/2023/Dyad/230524_Dyad 12/Yellow/B2C/Videos/GX020554.MP4	3873.230	29.97	Subordinate	Flee	Other		POINT
1343.746	C:/Users/qbiol/Dropbox (Queens College)/2023/Dyad/230524_Dyad 12/Yellow/B2C/Videos/GX020554.MP4	3873.230	29.97	Dominant	Chases female	Aggressive		POINT
1346.004	C:/Users/qbiol/Dropbox (Queens College)/2023/Dyad/230524_Dyad 12/Yellow/B2C/Videos/GX020554.MP4	3873.230	29.97	Dominant	Chases male	Aggressive		POINT
1346.004	C:/Users/qbiol/Dropbox (Queens College)/2023/Dyad/230524_Dyad 12/Yellow/B2C/Videos/GX020554.MP4	3873.230	29.97	Subordinate	Flee	Other		POINT
1353.011	C:/Users/qbiol/Dropbox (Queens College)/2023/Dyad/230524_Dyad 12/Yellow/B2C/Videos/GX020554.MP4	3873.230	29.97	Subordinate	Flee	Other		POINT
1356.509	C:/Users/qbiol/Dropbox (Queens College)/2023/Dyad/230524_Dyad 12/Yellow/B2C/Videos/GX020554.MP4	3873.230	29.97	Subordinate	Bite female	Reproductive		POINT
1357.245	C:/Users/qbiol/Dropbox (Queens College)/2023/Dyad/230524_Dyad 12/Yellow/B2C/Videos/GX020554.MP4	3873.230	29.97	Dominant	Chases male	Aggressive		POINT
1358.509	C:/Users/qbiol/Dropbox (Queens College)/2023/Dyad/230524_Dyad 12/Yellow/B2C/Videos/GX020554.MP4	3873.230	29.97	Subordinate	Flee	Other		POINT
1390.496	C:/Users/qbiol/Dropbox (Queens College)/2023/Dyad/230524_Dyad 12/Yellow/B2C/Videos/GX020554.MP4	3873.230	29.97	Dominant	Entry/exit pot	Reproductive		POINT
1398.755	C:/Users/qbiol/Dropbox (Queens College)/2023/Dyad/230524_Dyad 12/Yellow/B2C/Videos/GX020554.MP4	3873.230	29.97	Subordinate	Flee	Other		POINT
1430.747	C:/Users/qbiol/Dropbox (Queens College)/2023/Dyad/230524_Dyad 12/Yellow/B2C/Videos/GX020554.MP4	3873.230	29.97	Dominant	Entry/exit pot	Reproductive		POINT
1449.856	C:/Users/qbiol/Dropbox (Queens College)/2023/Dyad/230524_Dyad 12/Yellow/B2C/Videos/GX020554.MP4	3873.230	29.97	Dominant	Chases male	Aggressive		POINT
1450.753	C:/Users/qbiol/Dropbox (Queens College)/2023/Dyad/230524_Dyad 12/Yellow/B2C/Videos/GX020554.MP4	3873.230	29.97	Subordinate	Flee	Other		POINT
1486.357	C:/Users/qbiol/Dropbox (Queens College)/2023/Dyad/230524_Dyad 12/Yellow/B2C/Videos/GX020554.MP4	3873.230	29.97	Dominant	Foraging	Other		STOP
1496.607	C:/Users/qbiol/Dropbox (Queens College)/2023/Dyad/230524_Dyad 12/Yellow/B2C/Videos/GX020554.MP4	3873.230	29.97	Dominant	Foraging	Other		START
1506.670	C:/Users/qbiol/Dropbox (Queens College)/2023/Dyad/230524_Dyad 12/Yellow/B2C/Videos/GX020554.MP4	3873.230	29.97	Dominant	Chases male	Aggressive		POINT
1507.004	C:/Users/qbiol/Dropbox (Queens College)/2023/Dyad/230524_Dyad 12/Yellow/B2C/Videos/GX020554.MP4	3873.230	29.97	Subordinate	Flee	Other		POINT
1511.657	C:/Users/qbiol/Dropbox (Queens College)/2023/Dyad/230524_Dyad 12/Yellow/B2C/Videos/GX020554.MP4	3873.230	29.97	Dominant	Chases female	Aggressive		POINT
1514.672	C:/Users/qbiol/Dropbox (Queens College)/2023/Dyad/230524_Dyad 12/Yellow/B2C/Videos/GX020554.MP4	3873.230	29.97	Dominant	Chases male	Aggressive		POINT
1514.672	C:/Users/qbiol/Dropbox (Queens College)/2023/Dyad/230524_Dyad 12/Yellow/B2C/Videos/GX020554.MP4	3873.230	29.97	Subordinate	Flee	Other		POINT
1519.924	C:/Users/qbiol/Dropbox (Queens College)/2023/Dyad/230524_Dyad 12/Yellow/B2C/Videos/GX020554.MP4	3873.230	29.97	Dominant	Lateral side display	Aggressive		POINT
1525.177	C:/Users/qbiol/Dropbox (Queens College)/2023/Dyad/230524_Dyad 12/Yellow/B2C/Videos/GX020554.MP4	3873.230	29.97	Dominant	Chases female	Aggressive		POINT
1545.424	C:/Users/qbiol/Dropbox (Queens College)/2023/Dyad/230524_Dyad 12/Yellow/B2C/Videos/GX020554.MP4	3873.230	29.97	Dominant	Chases female	Aggressive		POINT
1553.212	C:/Users/qbiol/Dropbox (Queens College)/2023/Dyad/230524_Dyad 12/Yellow/B2C/Videos/GX020554.MP4	3873.230	29.97	Dominant	Chases male	Aggressive		POINT
1554.210	C:/Users/qbiol/Dropbox (Queens College)/2023/Dyad/230524_Dyad 12/Yellow/B2C/Videos/GX020554.MP4	3873.230	29.97	Subordinate	Flee	Other		POINT
1555.675	C:/Users/qbiol/Dropbox (Queens College)/2023/Dyad/230524_Dyad 12/Yellow/B2C/Videos/GX020554.MP4	3873.230	29.97	Dominant	Bite	Aggressive		POINT
1555.958	C:/Users/qbiol/Dropbox (Queens College)/2023/Dyad/230524_Dyad 12/Yellow/B2C/Videos/GX020554.MP4	3873.230	29.97	Subordinate	Flee	Other		POINT
1558.174	C:/Users/qbiol/Dropbox (Queens College)/2023/Dyad/230524_Dyad 12/Yellow/B2C/Videos/GX020554.MP4	3873.230	29.97	Dominant	Quiver female	Reproductive		POINT
1562.176	C:/Users/qbiol/Dropbox (Queens College)/2023/Dyad/230524_Dyad 12/Yellow/B2C/Videos/GX020554.MP4	3873.230	29.97	Dominant	Chases female	Aggressive		POINT
1563.426	C:/Users/qbiol/Dropbox (Queens College)/2023/Dyad/230524_Dyad 12/Yellow/B2C/Videos/GX020554.MP4	3873.230	29.97	Dominant	Chases female	Aggressive		POINT
1600.420	C:/Users/qbiol/Dropbox (Queens College)/2023/Dyad/230524_Dyad 12/Yellow/B2C/Videos/GX020554.MP4	3873.230	29.97	Subordinate	Flee	Other		POINT
1606.926	C:/Users/qbiol/Dropbox (Queens College)/2023/Dyad/230524_Dyad 12/Yellow/B2C/Videos/GX020554.MP4	3873.230	29.97	Dominant	Chases male	Aggressive		POINT
1606.960	C:/Users/qbiol/Dropbox (Queens College)/2023/Dyad/230524_Dyad 12/Yellow/B2C/Videos/GX020554.MP4	3873.230	29.97	Subordinate	Flee	Other		POINT
1607.423	C:/Users/qbiol/Dropbox (Queens College)/2023/Dyad/230524_Dyad 12/Yellow/B2C/Videos/GX020554.MP4	3873.230	29.97	Dominant	Bite	Aggressive		POINT
1607.423	C:/Users/qbiol/Dropbox (Queens College)/2023/Dyad/230524_Dyad 12/Yellow/B2C/Videos/GX020554.MP4	3873.230	29.97	Subordinate	Flee	Other		POINT
1611.958	C:/Users/qbiol/Dropbox (Queens College)/2023/Dyad/230524_Dyad 12/Yellow/B2C/Videos/GX020554.MP4	3873.230	29.97	Dominant	Chases male	Aggressive		POINT
1619.426	C:/Users/qbiol/Dropbox (Queens College)/2023/Dyad/230524_Dyad 12/Yellow/B2C/Videos/GX020554.MP4	3873.230	29.97	Dominant	Chases male	Aggressive		POINT
1626.472	C:/Users/qbiol/Dropbox (Queens College)/2023/Dyad/230524_Dyad 12/Yellow/B2C/Videos/GX020554.MP4	3873.230	29.97	Subordinate	Flee	Other		POINT
1637.425	C:/Users/qbiol/Dropbox (Queens College)/2023/Dyad/230524_Dyad 12/Yellow/B2C/Videos/GX020554.MP4	3873.230	29.97	Dominant	Chases female	Aggressive		POINT
1647.425	C:/Users/qbiol/Dropbox (Queens College)/2023/Dyad/230524_Dyad 12/Yellow/B2C/Videos/GX020554.MP4	3873.230	29.97	Dominant	Foraging	Other		STOP
1652.529	C:/Users/qbiol/Dropbox (Queens College)/2023/Dyad/230524_Dyad 12/Yellow/B2C/Videos/GX020554.MP4	3873.230	29.97	Subordinate	Flee	Other		POINT
1653.675	C:/Users/qbiol/Dropbox (Queens College)/2023/Dyad/230524_Dyad 12/Yellow/B2C/Videos/GX020554.MP4	3873.230	29.97	Dominant	Chases male	Aggressive		POINT
1653.775	C:/Users/qbiol/Dropbox (Queens College)/2023/Dyad/230524_Dyad 12/Yellow/B2C/Videos/GX020554.MP4	3873.230	29.97	Subordinate	Flee	Other		POINT
1656.520	C:/Users/qbiol/Dropbox (Queens College)/2023/Dyad/230524_Dyad 12/Yellow/B2C/Videos/GX020554.MP4	3873.230	29.97	Dominant	Chases female	Aggressive		POINT
1658.675	C:/Users/qbiol/Dropbox (Queens College)/2023/Dyad/230524_Dyad 12/Yellow/B2C/Videos/GX020554.MP4	3873.230	29.97	Dominant	Chases female	Aggressive		POINT
1663.926	C:/Users/qbiol/Dropbox (Queens College)/2023/Dyad/230524_Dyad 12/Yellow/B2C/Videos/GX020554.MP4	3873.230	29.97	Dominant	Chases male	Aggressive		POINT
1664.826	C:/Users/qbiol/Dropbox (Queens College)/2023/Dyad/230524_Dyad 12/Yellow/B2C/Videos/GX020554.MP4	3873.230	29.97	Dominant	Bite	Aggressive		POINT
1664.826	C:/Users/qbiol/Dropbox (Queens College)/2023/Dyad/230524_Dyad 12/Yellow/B2C/Videos/GX020554.MP4	3873.230	29.97	Subordinate	Flee	Other		POINT
1666.829	C:/Users/qbiol/Dropbox (Queens College)/2023/Dyad/230524_Dyad 12/Yellow/B2C/Videos/GX020554.MP4	3873.230	29.97	Dominant	Chases male	Aggressive		POINT
1666.829	C:/Users/qbiol/Dropbox (Queens College)/2023/Dyad/230524_Dyad 12/Yellow/B2C/Videos/GX020554.MP4	3873.230	29.97	Subordinate	Flee	Other		POINT
1669.828	C:/Users/qbiol/Dropbox (Queens College)/2023/Dyad/230524_Dyad 12/Yellow/B2C/Videos/GX020554.MP4	3873.230	29.97	Subordinate	Flee	Other		POINT
1678.074	C:/Users/qbiol/Dropbox (Queens College)/2023/Dyad/230524_Dyad 12/Yellow/B2C/Videos/GX020554.MP4	3873.230	29.97	Dominant	Chases male	Aggressive		POINT
1678.074	C:/Users/qbiol/Dropbox (Queens College)/2023/Dyad/230524_Dyad 12/Yellow/B2C/Videos/GX020554.MP4	3873.230	29.97	Subordinate	Flee	Other		POINT
1688.175	C:/Users/qbiol/Dropbox (Queens College)/2023/Dyad/230524_Dyad 12/Yellow/B2C/Videos/GX020554.MP4	3873.230	29.97	Dominant	Chases female	Aggressive		POINT
1692.426	C:/Users/qbiol/Dropbox (Queens College)/2023/Dyad/230524_Dyad 12/Yellow/B2C/Videos/GX020554.MP4	3873.230	29.97	Dominant	Chases female	Aggressive		POINT
1696.175	C:/Users/qbiol/Dropbox (Queens College)/2023/Dyad/230524_Dyad 12/Yellow/B2C/Videos/GX020554.MP4	3873.230	29.97	Dominant	Chases male	Aggressive		POINT
1713.175	C:/Users/qbiol/Dropbox (Queens College)/2023/Dyad/230524_Dyad 12/Yellow/B2C/Videos/GX020554.MP4	3873.230	29.97	Dominant	Quiver female	Reproductive		POINT
1716.926	C:/Users/qbiol/Dropbox (Queens College)/2023/Dyad/230524_Dyad 12/Yellow/B2C/Videos/GX020554.MP4	3873.230	29.97	Dominant	Chases male	Aggressive		POINT
1726.338	C:/Users/qbiol/Dropbox (Queens College)/2023/Dyad/230524_Dyad 12/Yellow/B2C/Videos/GX020554.MP4	3873.230	29.97	Subordinate	Flee	Other		POINT
1740.894	C:/Users/qbiol/Dropbox (Queens College)/2023/Dyad/230524_Dyad 12/Yellow/B2C/Videos/GX020554.MP4	3873.230	29.97	Dominant	Chases female	Aggressive		POINT
1749.896	C:/Users/qbiol/Dropbox (Queens College)/2023/Dyad/230524_Dyad 12/Yellow/B2C/Videos/GX020554.MP4	3873.230	29.97	Dominant	Chases male	Aggressive		POINT
1749.896	C:/Users/qbiol/Dropbox (Queens College)/2023/Dyad/230524_Dyad 12/Yellow/B2C/Videos/GX020554.MP4	3873.230	29.97	Subordinate	Flee	Other		POINT
1750.895	C:/Users/qbiol/Dropbox (Queens College)/2023/Dyad/230524_Dyad 12/Yellow/B2C/Videos/GX020554.MP4	3873.230	29.97	Dominant	Chases female	Aggressive		POINT
1759.416	C:/Users/qbiol/Dropbox (Queens College)/2023/Dyad/230524_Dyad 12/Yellow/B2C/Videos/GX020554.MP4	3873.230	29.97	Dominant	Chases female	Aggressive		POINT
1782.400	C:/Users/qbiol/Dropbox (Queens College)/2023/Dyad/230524_Dyad 12/Yellow/B2C/Videos/GX020554.MP4	3873.230	29.97	Dominant	Chases male	Aggressive		POINT
1782.411	C:/Users/qbiol/Dropbox (Queens College)/2023/Dyad/230524_Dyad 12/Yellow/B2C/Videos/GX020554.MP4	3873.230	29.97	Subordinate	Flee	Other		POINT
1799.945	C:/Users/qbiol/Dropbox (Queens College)/2023/Dyad/230524_Dyad 12/Yellow/B2C/Videos/GX020554.MP4	3873.230	29.97	Dominant	Chases female	Aggressive		POINT
1823.694	C:/Users/qbiol/Dropbox (Queens College)/2023/Dyad/230524_Dyad 12/Yellow/B2C/Videos/GX020554.MP4	3873.230	29.97	Dominant	Foraging	Other		START
1831.445	C:/Users/qbiol/Dropbox (Queens College)/2023/Dyad/230524_Dyad 12/Yellow/B2C/Videos/GX020554.MP4	3873.230	29.97	Dominant	Chases female	Aggressive		POINT
1874.694	C:/Users/qbiol/Dropbox (Queens College)/2023/Dyad/230524_Dyad 12/Yellow/B2C/Videos/GX020554.MP4	3873.230	29.97	Dominant	Entry/exit pot	Reproductive		POINT
1897.193	C:/Users/qbiol/Dropbox (Queens College)/2023/Dyad/230524_Dyad 12/Yellow/B2C/Videos/GX020554.MP4	3873.230	29.97	Dominant	Entry/exit pot	Reproductive		POINT
1907.278	C:/Users/qbiol/Dropbox (Queens College)/2023/Dyad/230524_Dyad 12/Yellow/B2C/Videos/GX020554.MP4	3873.230	29.97	Dominant	Bite	Aggressive		POINT
1907.278	C:/Users/qbiol/Dropbox (Queens College)/2023/Dyad/230524_Dyad 12/Yellow/B2C/Videos/GX020554.MP4	3873.230	29.97	Subordinate	Flee	Other		POINT
1909.694	C:/Users/qbiol/Dropbox (Queens College)/2023/Dyad/230524_Dyad 12/Yellow/B2C/Videos/GX020554.MP4	3873.230	29.97	Dominant	Bite female	Reproductive		POINT
1911.194	C:/Users/qbiol/Dropbox (Queens College)/2023/Dyad/230524_Dyad 12/Yellow/B2C/Videos/GX020554.MP4	3873.230	29.97	Dominant	Chases female	Aggressive		POINT
1935.945	C:/Users/qbiol/Dropbox (Queens College)/2023/Dyad/230524_Dyad 12/Yellow/B2C/Videos/GX020554.MP4	3873.230	29.97	Dominant	Chases female	Aggressive		POINT
1937.694	C:/Users/qbiol/Dropbox (Queens College)/2023/Dyad/230524_Dyad 12/Yellow/B2C/Videos/GX020554.MP4	3873.230	29.97	Dominant	Chases male	Aggressive		POINT
1937.815	C:/Users/qbiol/Dropbox (Queens College)/2023/Dyad/230524_Dyad 12/Yellow/B2C/Videos/GX020554.MP4	3873.230	29.97	Subordinate	Flee	Other		POINT
1946.195	C:/Users/qbiol/Dropbox (Queens College)/2023/Dyad/230524_Dyad 12/Yellow/B2C/Videos/GX020554.MP4	3873.230	29.97	Dominant	Lead	Reproductive		POINT
1949.695	C:/Users/qbiol/Dropbox (Queens College)/2023/Dyad/230524_Dyad 12/Yellow/B2C/Videos/GX020554.MP4	3873.230	29.97	Dominant	Quiver female	Reproductive		POINT
1956.194	C:/Users/qbiol/Dropbox (Queens College)/2023/Dyad/230524_Dyad 12/Yellow/B2C/Videos/GX020554.MP4	3873.230	29.97	Dominant	Quiver female	Reproductive		POINT
1959.364	C:/Users/qbiol/Dropbox (Queens College)/2023/Dyad/230524_Dyad 12/Yellow/B2C/Videos/GX020554.MP4	3873.230	29.97	Dominant	Chases female	Aggressive		POINT
1966.376	C:/Users/qbiol/Dropbox (Queens College)/2023/Dyad/230524_Dyad 12/Yellow/B2C/Videos/GX020554.MP4	3873.230	29.97	Dominant	Chases male	Aggressive		POINT
1979.222	C:/Users/qbiol/Dropbox (Queens College)/2023/Dyad/230524_Dyad 12/Yellow/B2C/Videos/GX020554.MP4	3873.230	29.97	Dominant	Chases male	Aggressive		POINT
1979.895	C:/Users/qbiol/Dropbox (Queens College)/2023/Dyad/230524_Dyad 12/Yellow/B2C/Videos/GX020554.MP4	3873.230	29.97	Subordinate	Flee	Other		POINT
2001.379	C:/Users/qbiol/Dropbox (Queens College)/2023/Dyad/230524_Dyad 12/Yellow/B2C/Videos/GX020554.MP4	3873.230	29.97	Dominant	Lead	Reproductive		POINT
2005.878	C:/Users/qbiol/Dropbox (Queens College)/2023/Dyad/230524_Dyad 12/Yellow/B2C/Videos/GX020554.MP4	3873.230	29.97	Dominant	Chases female	Aggressive		POINT
2007.379	C:/Users/qbiol/Dropbox (Queens College)/2023/Dyad/230524_Dyad 12/Yellow/B2C/Videos/GX020554.MP4	3873.230	29.97	Dominant	Lead	Reproductive		POINT
2011.914	C:/Users/qbiol/Dropbox (Queens College)/2023/Dyad/230524_Dyad 12/Yellow/B2C/Videos/GX020554.MP4	3873.230	29.97	Dominant	Chases female	Aggressive		POINT
2013.915	C:/Users/qbiol/Dropbox (Queens College)/2023/Dyad/230524_Dyad 12/Yellow/B2C/Videos/GX020554.MP4	3873.230	29.97	Dominant	Quiver female	Reproductive		POINT
2017.416	C:/Users/qbiol/Dropbox (Queens College)/2023/Dyad/230524_Dyad 12/Yellow/B2C/Videos/GX020554.MP4	3873.230	29.97	Dominant	Chases female	Aggressive		POINT
2017.429	C:/Users/qbiol/Dropbox (Queens College)/2023/Dyad/230524_Dyad 12/Yellow/B2C/Videos/GX020554.MP4	3873.230	29.97	Dominant	Bite female	Reproductive		POINT
2019.429	C:/Users/qbiol/Dropbox (Queens College)/2023/Dyad/230524_Dyad 12/Yellow/B2C/Videos/GX020554.MP4	3873.230	29.97	Dominant	Bite	Aggressive		POINT
2019.901	C:/Users/qbiol/Dropbox (Queens College)/2023/Dyad/230524_Dyad 12/Yellow/B2C/Videos/GX020554.MP4	3873.230	29.97	Subordinate	Flee	Other		POINT
2021.678	C:/Users/qbiol/Dropbox (Queens College)/2023/Dyad/230524_Dyad 12/Yellow/B2C/Videos/GX020554.MP4	3873.230	29.97	Dominant	Chases male	Aggressive		POINT
2070.178	C:/Users/qbiol/Dropbox (Queens College)/2023/Dyad/230524_Dyad 12/Yellow/B2C/Videos/GX020554.MP4	3873.230	29.97	Dominant	Foraging	Other		STOP
2081.928	C:/Users/qbiol/Dropbox (Queens College)/2023/Dyad/230524_Dyad 12/Yellow/B2C/Videos/GX020554.MP4	3873.230	29.97	Dominant	Foraging	Other		START
2086.928	C:/Users/qbiol/Dropbox (Queens College)/2023/Dyad/230524_Dyad 12/Yellow/B2C/Videos/GX020554.MP4	3873.230	29.97	Dominant	Chases female	Aggressive		POINT
2093.002	C:/Users/qbiol/Dropbox (Queens College)/2023/Dyad/230524_Dyad 12/Yellow/B2C/Videos/GX020554.MP4	3873.230	29.97	Dominant	Chases male	Aggressive		POINT
2096.941	C:/Users/qbiol/Dropbox (Queens College)/2023/Dyad/230524_Dyad 12/Yellow/B2C/Videos/GX020554.MP4	3873.230	29.97	Subordinate	Flee	Other		POINT
2108.659	C:/Users/qbiol/Dropbox (Queens College)/2023/Dyad/230524_Dyad 12/Yellow/B2C/Videos/GX020554.MP4	3873.230	29.97	Dominant	Chases male	Aggressive		POINT
2112.271	C:/Users/qbiol/Dropbox (Queens College)/2023/Dyad/230524_Dyad 12/Yellow/B2C/Videos/GX020554.MP4	3873.230	29.97	Subordinate	Flee	Other		POINT
2112.692	C:/Users/qbiol/Dropbox (Queens College)/2023/Dyad/230524_Dyad 12/Yellow/B2C/Videos/GX020554.MP4	3873.230	29.97	Dominant	Bite	Aggressive		POINT
2130.782	C:/Users/qbiol/Dropbox (Queens College)/2023/Dyad/230524_Dyad 12/Yellow/B2C/Videos/GX030554.MP4	3873.230	29.97	Dominant	Chases male	Aggressive		POINT
2136.282	C:/Users/qbiol/Dropbox (Queens College)/2023/Dyad/230524_Dyad 12/Yellow/B2C/Videos/GX030554.MP4	3873.230	29.97	Dominant	Chases female	Aggressive		POINT
2172.284	C:/Users/qbiol/Dropbox (Queens College)/2023/Dyad/230524_Dyad 12/Yellow/B2C/Videos/GX030554.MP4	3873.230	29.97	Dominant	Chases female	Aggressive		POINT
2181.532	C:/Users/qbiol/Dropbox (Queens College)/2023/Dyad/230524_Dyad 12/Yellow/B2C/Videos/GX030554.MP4	3873.230	29.97	Dominant	Chases female	Aggressive		POINT
2206.532	C:/Users/qbiol/Dropbox (Queens College)/2023/Dyad/230524_Dyad 12/Yellow/B2C/Videos/GX030554.MP4	3873.230	29.97	Dominant	Chases male	Aggressive		POINT
2206.532	C:/Users/qbiol/Dropbox (Queens College)/2023/Dyad/230524_Dyad 12/Yellow/B2C/Videos/GX030554.MP4	3873.230	29.97	Subordinate	Flee	Other		POINT
2231.782	C:/Users/qbiol/Dropbox (Queens College)/2023/Dyad/230524_Dyad 12/Yellow/B2C/Videos/GX030554.MP4	3873.230	29.97	Dominant	Chases male	Aggressive		POINT
2238.032	C:/Users/qbiol/Dropbox (Queens College)/2023/Dyad/230524_Dyad 12/Yellow/B2C/Videos/GX030554.MP4	3873.230	29.97	Dominant	Chases female	Aggressive		POINT
2245.283	C:/Users/qbiol/Dropbox (Queens College)/2023/Dyad/230524_Dyad 12/Yellow/B2C/Videos/GX030554.MP4	3873.230	29.97	Dominant	Quiver female	Reproductive		POINT
2255.532	C:/Users/qbiol/Dropbox (Queens College)/2023/Dyad/230524_Dyad 12/Yellow/B2C/Videos/GX030554.MP4	3873.230	29.97	Dominant	Chases female	Aggressive		POINT
2271.283	C:/Users/qbiol/Dropbox (Queens College)/2023/Dyad/230524_Dyad 12/Yellow/B2C/Videos/GX030554.MP4	3873.230	29.97	Dominant	Foraging	Other		STOP
2281.536	C:/Users/qbiol/Dropbox (Queens College)/2023/Dyad/230524_Dyad 12/Yellow/B2C/Videos/GX030554.MP4	3873.230	29.97	Dominant	Chases male	Aggressive		POINT
2281.536	C:/Users/qbiol/Dropbox (Queens College)/2023/Dyad/230524_Dyad 12/Yellow/B2C/Videos/GX030554.MP4	3873.230	29.97	Subordinate	Flee	Other		POINT
2284.039	C:/Users/qbiol/Dropbox (Queens College)/2023/Dyad/230524_Dyad 12/Yellow/B2C/Videos/GX030554.MP4	3873.230	29.97	Dominant	Chases male	Aggressive		POINT
2284.039	C:/Users/qbiol/Dropbox (Queens College)/2023/Dyad/230524_Dyad 12/Yellow/B2C/Videos/GX030554.MP4	3873.230	29.97	Subordinate	Flee	Other		POINT
2292.202	C:/Users/qbiol/Dropbox (Queens College)/2023/Dyad/230524_Dyad 12/Yellow/B2C/Videos/GX030554.MP4	3873.230	29.97	Dominant	Chases male	Aggressive		POINT
2292.202	C:/Users/qbiol/Dropbox (Queens College)/2023/Dyad/230524_Dyad 12/Yellow/B2C/Videos/GX030554.MP4	3873.230	29.97	Subordinate	Flee	Other		POINT
2320.282	C:/Users/qbiol/Dropbox (Queens College)/2023/Dyad/230524_Dyad 12/Yellow/B2C/Videos/GX030554.MP4	3873.230	29.97	Dominant	Foraging	Other		START
2348.743	C:/Users/qbiol/Dropbox (Queens College)/2023/Dyad/230524_Dyad 12/Yellow/B2C/Videos/GX030554.MP4	3873.230	29.97	Dominant	Mirror	Aggressive		POINT
2373.243	C:/Users/qbiol/Dropbox (Queens College)/2023/Dyad/230524_Dyad 12/Yellow/B2C/Videos/GX030554.MP4	3873.230	29.97	Dominant	Mirror	Aggressive		POINT
2387.748	C:/Users/qbiol/Dropbox (Queens College)/2023/Dyad/230524_Dyad 12/Yellow/B2C/Videos/GX030554.MP4	3873.230	29.97	Dominant	Chases male	Aggressive		POINT
2396.807	C:/Users/qbiol/Dropbox (Queens College)/2023/Dyad/230524_Dyad 12/Yellow/B2C/Videos/GX030554.MP4	3873.230	29.97	Dominant	Chases female	Aggressive		POINT
2396.807	C:/Users/qbiol/Dropbox (Queens College)/2023/Dyad/230524_Dyad 12/Yellow/B2C/Videos/GX030554.MP4	3873.230	29.97	Dominant	Quiver female	Reproductive		POINT
2401.056	C:/Users/qbiol/Dropbox (Queens College)/2023/Dyad/230524_Dyad 12/Yellow/B2C/Videos/GX030554.MP4	3873.230	29.97	Dominant	Quiver female	Reproductive		POINT
2404.558	C:/Users/qbiol/Dropbox (Queens College)/2023/Dyad/230524_Dyad 12/Yellow/B2C/Videos/GX030554.MP4	3873.230	29.97	Dominant	Chases female	Aggressive		POINT
2434.558	C:/Users/qbiol/Dropbox (Queens College)/2023/Dyad/230524_Dyad 12/Yellow/B2C/Videos/GX030554.MP4	3873.230	29.97	Dominant	Foraging	Other		STOP
2440.053	C:/Users/qbiol/Dropbox (Queens College)/2023/Dyad/230524_Dyad 12/Yellow/B2C/Videos/GX030554.MP4	3873.230	29.97	Subordinate	Flee	Other		POINT
2447.807	C:/Users/qbiol/Dropbox (Queens College)/2023/Dyad/230524_Dyad 12/Yellow/B2C/Videos/GX030554.MP4	3873.230	29.97	Dominant	Foraging	Other		START
2451.809	C:/Users/qbiol/Dropbox (Queens College)/2023/Dyad/230524_Dyad 12/Yellow/B2C/Videos/GX030554.MP4	3873.230	29.97	Dominant	Chases male	Aggressive		POINT
2459.309	C:/Users/qbiol/Dropbox (Queens College)/2023/Dyad/230524_Dyad 12/Yellow/B2C/Videos/GX030554.MP4	3873.230	29.97	Dominant	Chases female	Aggressive		POINT
2483.309	C:/Users/qbiol/Dropbox (Queens College)/2023/Dyad/230524_Dyad 12/Yellow/B2C/Videos/GX030554.MP4	3873.230	29.97	Dominant	Quiver female	Reproductive		POINT
2484.809	C:/Users/qbiol/Dropbox (Queens College)/2023/Dyad/230524_Dyad 12/Yellow/B2C/Videos/GX030554.MP4	3873.230	29.97	Dominant	Chases female	Aggressive		POINT
2486.056	C:/Users/qbiol/Dropbox (Queens College)/2023/Dyad/230524_Dyad 12/Yellow/B2C/Videos/GX030554.MP4	3873.230	29.97	Dominant	Chases male	Aggressive		POINT
2486.056	C:/Users/qbiol/Dropbox (Queens College)/2023/Dyad/230524_Dyad 12/Yellow/B2C/Videos/GX030554.MP4	3873.230	29.97	Subordinate	Flee	Other		POINT
2521.561	C:/Users/qbiol/Dropbox (Queens College)/2023/Dyad/230524_Dyad 12/Yellow/B2C/Videos/GX030554.MP4	3873.230	29.97	Dominant	Foraging	Other		STOP
2530.403	C:/Users/qbiol/Dropbox (Queens College)/2023/Dyad/230524_Dyad 12/Yellow/B2C/Videos/GX030554.MP4	3873.230	29.97	Subordinate	Flee	Other		POINT
2532.309	C:/Users/qbiol/Dropbox (Queens College)/2023/Dyad/230524_Dyad 12/Yellow/B2C/Videos/GX030554.MP4	3873.230	29.97	Dominant	Chases male	Aggressive		POINT
2532.650	C:/Users/qbiol/Dropbox (Queens College)/2023/Dyad/230524_Dyad 12/Yellow/B2C/Videos/GX030554.MP4	3873.230	29.97	Subordinate	Flee	Other		POINT
2533.559	C:/Users/qbiol/Dropbox (Queens College)/2023/Dyad/230524_Dyad 12/Yellow/B2C/Videos/GX030554.MP4	3873.230	29.97	Dominant	Chases female	Aggressive		POINT
2536.809	C:/Users/qbiol/Dropbox (Queens College)/2023/Dyad/230524_Dyad 12/Yellow/B2C/Videos/GX030554.MP4	3873.230	29.97	Dominant	Chases male	Aggressive		POINT
2537.403	C:/Users/qbiol/Dropbox (Queens College)/2023/Dyad/230524_Dyad 12/Yellow/B2C/Videos/GX030554.MP4	3873.230	29.97	Subordinate	Flee	Other		POINT
2540.309	C:/Users/qbiol/Dropbox (Queens College)/2023/Dyad/230524_Dyad 12/Yellow/B2C/Videos/GX030554.MP4	3873.230	29.97	Dominant	Chases male	Aggressive		POINT
2541.158	C:/Users/qbiol/Dropbox (Queens College)/2023/Dyad/230524_Dyad 12/Yellow/B2C/Videos/GX030554.MP4	3873.230	29.97	Subordinate	Flee	Other		POINT
2549.809	C:/Users/qbiol/Dropbox (Queens College)/2023/Dyad/230524_Dyad 12/Yellow/B2C/Videos/GX030554.MP4	3873.230	29.97	Dominant	Foraging	Other		START
2554.408	C:/Users/qbiol/Dropbox (Queens College)/2023/Dyad/230524_Dyad 12/Yellow/B2C/Videos/GX030554.MP4	3873.230	29.97	Subordinate	Flee	Other		POINT
2561.652	C:/Users/qbiol/Dropbox (Queens College)/2023/Dyad/230524_Dyad 12/Yellow/B2C/Videos/GX030554.MP4	3873.230	29.97	Subordinate	Flee	Other		POINT
2567.182	C:/Users/qbiol/Dropbox (Queens College)/2023/Dyad/230524_Dyad 12/Yellow/B2C/Videos/GX030554.MP4	3873.230	29.97	Subordinate	Flee	Other		POINT
2575.809	C:/Users/qbiol/Dropbox (Queens College)/2023/Dyad/230524_Dyad 12/Yellow/B2C/Videos/GX030554.MP4	3873.230	29.97	Dominant	Quiver female	Reproductive		POINT
2577.059	C:/Users/qbiol/Dropbox (Queens College)/2023/Dyad/230524_Dyad 12/Yellow/B2C/Videos/GX030554.MP4	3873.230	29.97	Dominant	Chases female	Aggressive		POINT
2578.402	C:/Users/qbiol/Dropbox (Queens College)/2023/Dyad/230524_Dyad 12/Yellow/B2C/Videos/GX030554.MP4	3873.230	29.97	Subordinate	Flee	Other		POINT
2587.405	C:/Users/qbiol/Dropbox (Queens College)/2023/Dyad/230524_Dyad 12/Yellow/B2C/Videos/GX030554.MP4	3873.230	29.97	Subordinate	Flee	Other		POINT
2588.058	C:/Users/qbiol/Dropbox (Queens College)/2023/Dyad/230524_Dyad 12/Yellow/B2C/Videos/GX030554.MP4	3873.230	29.97	Dominant	Chases male	Aggressive		POINT
2588.407	C:/Users/qbiol/Dropbox (Queens College)/2023/Dyad/230524_Dyad 12/Yellow/B2C/Videos/GX030554.MP4	3873.230	29.97	Subordinate	Flee	Other		POINT
2589.650	C:/Users/qbiol/Dropbox (Queens College)/2023/Dyad/230524_Dyad 12/Yellow/B2C/Videos/GX030554.MP4	3873.230	29.97	Subordinate	Flee	Other		POINT
2595.152	C:/Users/qbiol/Dropbox (Queens College)/2023/Dyad/230524_Dyad 12/Yellow/B2C/Videos/GX030554.MP4	3873.230	29.97	Subordinate	Flee	Other		POINT
2597.652	C:/Users/qbiol/Dropbox (Queens College)/2023/Dyad/230524_Dyad 12/Yellow/B2C/Videos/GX030554.MP4	3873.230	29.97	Subordinate	Flee	Other		POINT
2599.309	C:/Users/qbiol/Dropbox (Queens College)/2023/Dyad/230524_Dyad 12/Yellow/B2C/Videos/GX030554.MP4	3873.230	29.97	Dominant	Chases male	Aggressive		POINT
2599.403	C:/Users/qbiol/Dropbox (Queens College)/2023/Dyad/230524_Dyad 12/Yellow/B2C/Videos/GX030554.MP4	3873.230	29.97	Subordinate	Flee	Other		POINT
2604.150	C:/Users/qbiol/Dropbox (Queens College)/2023/Dyad/230524_Dyad 12/Yellow/B2C/Videos/GX030554.MP4	3873.230	29.97	Subordinate	Flee	Other		POINT
2615.059	C:/Users/qbiol/Dropbox (Queens College)/2023/Dyad/230524_Dyad 12/Yellow/B2C/Videos/GX030554.MP4	3873.230	29.97	Dominant	Foraging	Other		STOP
2676.403	C:/Users/qbiol/Dropbox (Queens College)/2023/Dyad/230524_Dyad 12/Yellow/B2C/Videos/GX030554.MP4	3873.230	29.97	Subordinate	Flee	Other		POINT
2679.559	C:/Users/qbiol/Dropbox (Queens College)/2023/Dyad/230524_Dyad 12/Yellow/B2C/Videos/GX030554.MP4	3873.230	29.97	Dominant	Chases male	Aggressive		POINT
2685.309	C:/Users/qbiol/Dropbox (Queens College)/2023/Dyad/230524_Dyad 12/Yellow/B2C/Videos/GX030554.MP4	3873.230	29.97	Dominant	Chases female	Aggressive		POINT
2690.309	C:/Users/qbiol/Dropbox (Queens College)/2023/Dyad/230524_Dyad 12/Yellow/B2C/Videos/GX030554.MP4	3873.230	29.97	Dominant	Chases female	Aggressive		POINT
2694.150	C:/Users/qbiol/Dropbox (Queens College)/2023/Dyad/230524_Dyad 12/Yellow/B2C/Videos/GX030554.MP4	3873.230	29.97	Subordinate	Flee	Other		POINT
2704.309	C:/Users/qbiol/Dropbox (Queens College)/2023/Dyad/230524_Dyad 12/Yellow/B2C/Videos/GX030554.MP4	3873.230	29.97	Dominant	Chases female	Aggressive		POINT
2728.307	C:/Users/qbiol/Dropbox (Queens College)/2023/Dyad/230524_Dyad 12/Yellow/B2C/Videos/GX030554.MP4	3873.230	29.97	Dominant	Foraging	Other		START
2736.059	C:/Users/qbiol/Dropbox (Queens College)/2023/Dyad/230524_Dyad 12/Yellow/B2C/Videos/GX030554.MP4	3873.230	29.97	Dominant	Entry/exit pot	Reproductive		POINT
2768.061	C:/Users/qbiol/Dropbox (Queens College)/2023/Dyad/230524_Dyad 12/Yellow/B2C/Videos/GX030554.MP4	3873.230	29.97	Dominant	Entry/exit pot	Reproductive		POINT
2789.559	C:/Users/qbiol/Dropbox (Queens College)/2023/Dyad/230524_Dyad 12/Yellow/B2C/Videos/GX030554.MP4	3873.230	29.97	Dominant	Chases female	Aggressive		POINT
2811.453	C:/Users/qbiol/Dropbox (Queens College)/2023/Dyad/230524_Dyad 12/Yellow/B2C/Videos/GX030554.MP4	3873.230	29.97	Dominant	Foraging	Other		STOP
2820.205	C:/Users/qbiol/Dropbox (Queens College)/2023/Dyad/230524_Dyad 12/Yellow/B2C/Videos/GX030554.MP4	3873.230	29.97	Dominant	Chases female	Aggressive		POINT
2838.204	C:/Users/qbiol/Dropbox (Queens College)/2023/Dyad/230524_Dyad 12/Yellow/B2C/Videos/GX030554.MP4	3873.230	29.97	Dominant	Lead	Reproductive		POINT
2840.203	C:/Users/qbiol/Dropbox (Queens College)/2023/Dyad/230524_Dyad 12/Yellow/B2C/Videos/GX030554.MP4	3873.230	29.97	Dominant	Chases female	Aggressive		POINT
2842.704	C:/Users/qbiol/Dropbox (Queens College)/2023/Dyad/230524_Dyad 12/Yellow/B2C/Videos/GX030554.MP4	3873.230	29.97	Dominant	Lead	Reproductive		POINT
2844.320	C:/Users/qbiol/Dropbox (Queens College)/2023/Dyad/230524_Dyad 12/Yellow/B2C/Videos/GX030554.MP4	3873.230	29.97	Dominant	Chases female	Aggressive		POINT
2855.008	C:/Users/qbiol/Dropbox (Queens College)/2023/Dyad/230524_Dyad 12/Yellow/B2C/Videos/GX030554.MP4	3873.230	29.97	Dominant	Bite female	Reproductive		POINT
2863.907	C:/Users/qbiol/Dropbox (Queens College)/2023/Dyad/230524_Dyad 12/Yellow/B2C/Videos/GX030554.MP4	3873.230	29.97	Subordinate	Flee	Other		POINT
2871.783	C:/Users/qbiol/Dropbox (Queens College)/2023/Dyad/230524_Dyad 12/Yellow/B2C/Videos/GX030554.MP4	3873.230	29.97	Dominant	Bite female	Reproductive		POINT
2874.283	C:/Users/qbiol/Dropbox (Queens College)/2023/Dyad/230524_Dyad 12/Yellow/B2C/Videos/GX030554.MP4	3873.230	29.97	Dominant	Lead	Reproductive		POINT
2908.284	C:/Users/qbiol/Dropbox (Queens College)/2023/Dyad/230524_Dyad 12/Yellow/B2C/Videos/GX030554.MP4	3873.230	29.97	Dominant	Entry/exit pot	Reproductive		POINT
2918.285	C:/Users/qbiol/Dropbox (Queens College)/2023/Dyad/230524_Dyad 12/Yellow/B2C/Videos/GX030554.MP4	3873.230	29.97	Dominant	Entry/exit pot	Reproductive		POINT
2942.784	C:/Users/qbiol/Dropbox (Queens College)/2023/Dyad/230524_Dyad 12/Yellow/B2C/Videos/GX030554.MP4	3873.230	29.97	Dominant	Chases female	Aggressive		POINT
2951.035	C:/Users/qbiol/Dropbox (Queens College)/2023/Dyad/230524_Dyad 12/Yellow/B2C/Videos/GX030554.MP4	3873.230	29.97	Dominant	Chases female	Aggressive		POINT
2954.784	C:/Users/qbiol/Dropbox (Queens College)/2023/Dyad/230524_Dyad 12/Yellow/B2C/Videos/GX030554.MP4	3873.230	29.97	Dominant	Chases female	Aggressive		POINT
2956.784	C:/Users/qbiol/Dropbox (Queens College)/2023/Dyad/230524_Dyad 12/Yellow/B2C/Videos/GX030554.MP4	3873.230	29.97	Dominant	Quiver female	Reproductive		POINT
2973.786	C:/Users/qbiol/Dropbox (Queens College)/2023/Dyad/230524_Dyad 12/Yellow/B2C/Videos/GX030554.MP4	3873.230	29.97	Dominant	Foraging	Other		START
3031.785	C:/Users/qbiol/Dropbox (Queens College)/2023/Dyad/230524_Dyad 12/Yellow/B2C/Videos/GX030554.MP4	3873.230	29.97	Dominant	Foraging	Other		STOP
3071.285	C:/Users/qbiol/Dropbox (Queens College)/2023/Dyad/230524_Dyad 12/Yellow/B2C/Videos/GX030554.MP4	3873.230	29.97	Dominant	Foraging	Other		START
3072.403	C:/Users/qbiol/Dropbox (Queens College)/2023/Dyad/230524_Dyad 12/Yellow/B2C/Videos/GX030554.MP4	3873.230	29.97	Subordinate	Flee	Other		POINT
3076.785	C:/Users/qbiol/Dropbox (Queens College)/2023/Dyad/230524_Dyad 12/Yellow/B2C/Videos/GX030554.MP4	3873.230	29.97	Dominant	Chases male	Aggressive		POINT
3089.536	C:/Users/qbiol/Dropbox (Queens College)/2023/Dyad/230524_Dyad 12/Yellow/B2C/Videos/GX030554.MP4	3873.230	29.97	Dominant	Foraging	Other		STOP
3120.004	C:/Users/qbiol/Dropbox (Queens College)/2023/Dyad/230524_Dyad 12/Yellow/B2C/Videos/GX030554.MP4	3873.230	29.97	Dominant	Foraging	Other		START
3132.005	C:/Users/qbiol/Dropbox (Queens College)/2023/Dyad/230524_Dyad 12/Yellow/B2C/Videos/GX030554.MP4	3873.230	29.97	Dominant	Lead	Reproductive		POINT
3133.505	C:/Users/qbiol/Dropbox (Queens College)/2023/Dyad/230524_Dyad 12/Yellow/B2C/Videos/GX030554.MP4	3873.230	29.97	Dominant	Chases female	Aggressive		POINT
3136.253	C:/Users/qbiol/Dropbox (Queens College)/2023/Dyad/230524_Dyad 12/Yellow/B2C/Videos/GX030554.MP4	3873.230	29.97	Dominant	Chases female	Aggressive		POINT
3145.256	C:/Users/qbiol/Dropbox (Queens College)/2023/Dyad/230524_Dyad 12/Yellow/B2C/Videos/GX030554.MP4	3873.230	29.97	Dominant	Foraging	Other		STOP
3189.118	C:/Users/qbiol/Dropbox (Queens College)/2023/Dyad/230524_Dyad 12/Yellow/B2C/Videos/GX040554.MP4	3873.230	29.97	Subordinate	Foraging	Other		START
3190.102	C:/Users/qbiol/Dropbox (Queens College)/2023/Dyad/230524_Dyad 12/Yellow/B2C/Videos/GX040554.MP4	3873.230	29.97	Dominant	Foraging	Other		START
3200.000	C:/Users/qbiol/Dropbox (Queens College)/2023/Dyad/230524_Dyad 12/Yellow/B2C/Videos/GX040554.MP4	3873.230	29.97	Dominant	Chases male	Aggressive		POINT
3200.362	C:/Users/qbiol/Dropbox (Queens College)/2023/Dyad/230524_Dyad 12/Yellow/B2C/Videos/GX040554.MP4	3873.230	29.97	Subordinate	Flee	Other		POINT
3205.117	C:/Users/qbiol/Dropbox (Queens College)/2023/Dyad/230524_Dyad 12/Yellow/B2C/Videos/GX040554.MP4	3873.230	29.97	Dominant	Chases male	Aggressive		POINT
3205.117	C:/Users/qbiol/Dropbox (Queens College)/2023/Dyad/230524_Dyad 12/Yellow/B2C/Videos/GX040554.MP4	3873.230	29.97	Subordinate	Flee	Other		POINT
3240.352	C:/Users/qbiol/Dropbox (Queens College)/2023/Dyad/230524_Dyad 12/Yellow/B2C/Videos/GX040554.MP4	3873.230	29.97	Dominant	Foraging	Other		STOP
3253.605	C:/Users/qbiol/Dropbox (Queens College)/2023/Dyad/230524_Dyad 12/Yellow/B2C/Videos/GX040554.MP4	3873.230	29.97	Dominant	Foraging	Other		START
3276.604	C:/Users/qbiol/Dropbox (Queens College)/2023/Dyad/230524_Dyad 12/Yellow/B2C/Videos/GX040554.MP4	3873.230	29.97	Dominant	Foraging	Other		STOP
3288.104	C:/Users/qbiol/Dropbox (Queens College)/2023/Dyad/230524_Dyad 12/Yellow/B2C/Videos/GX040554.MP4	3873.230	29.97	Dominant	Foraging	Other		START
3300.604	C:/Users/qbiol/Dropbox (Queens College)/2023/Dyad/230524_Dyad 12/Yellow/B2C/Videos/GX040554.MP4	3873.230	29.97	Dominant	Foraging	Other		STOP
3302.124	C:/Users/qbiol/Dropbox (Queens College)/2023/Dyad/230524_Dyad 12/Yellow/B2C/Videos/GX040554.MP4	3873.230	29.97	Subordinate	Flee	Other		POINT
3303.602	C:/Users/qbiol/Dropbox (Queens College)/2023/Dyad/230524_Dyad 12/Yellow/B2C/Videos/GX040554.MP4	3873.230	29.97	Dominant	Chases male	Aggressive		POINT
3306.352	C:/Users/qbiol/Dropbox (Queens College)/2023/Dyad/230524_Dyad 12/Yellow/B2C/Videos/GX040554.MP4	3873.230	29.97	Dominant	Chases female	Aggressive		POINT
3308.605	C:/Users/qbiol/Dropbox (Queens College)/2023/Dyad/230524_Dyad 12/Yellow/B2C/Videos/GX040554.MP4	3873.230	29.97	Dominant	Chases female	Aggressive		POINT
3310.353	C:/Users/qbiol/Dropbox (Queens College)/2023/Dyad/230524_Dyad 12/Yellow/B2C/Videos/GX040554.MP4	3873.230	29.97	Dominant	Chases male	Aggressive		POINT
3310.373	C:/Users/qbiol/Dropbox (Queens College)/2023/Dyad/230524_Dyad 12/Yellow/B2C/Videos/GX040554.MP4	3873.230	29.97	Subordinate	Flee	Other		POINT
3318.353	C:/Users/qbiol/Dropbox (Queens College)/2023/Dyad/230524_Dyad 12/Yellow/B2C/Videos/GX040554.MP4	3873.230	29.97	Dominant	Chases female	Aggressive		POINT
3318.988	C:/Users/qbiol/Dropbox (Queens College)/2023/Dyad/230524_Dyad 12/Yellow/B2C/Videos/GX040554.MP4	3873.230	29.97	Dominant	Lateral side display	Aggressive		POINT
3320.489	C:/Users/qbiol/Dropbox (Queens College)/2023/Dyad/230524_Dyad 12/Yellow/B2C/Videos/GX040554.MP4	3873.230	29.97	Dominant	Chases female	Aggressive		POINT
3361.740	C:/Users/qbiol/Dropbox (Queens College)/2023/Dyad/230524_Dyad 12/Yellow/B2C/Videos/GX040554.MP4	3873.230	29.97	Dominant	Foraging	Other		START
3368.374	C:/Users/qbiol/Dropbox (Queens College)/2023/Dyad/230524_Dyad 12/Yellow/B2C/Videos/GX040554.MP4	3873.230	29.97	Subordinate	Flee	Other		POINT
3372.741	C:/Users/qbiol/Dropbox (Queens College)/2023/Dyad/230524_Dyad 12/Yellow/B2C/Videos/GX040554.MP4	3873.230	29.97	Dominant	Chases female	Aggressive		POINT
3383.372	C:/Users/qbiol/Dropbox (Queens College)/2023/Dyad/230524_Dyad 12/Yellow/B2C/Videos/GX040554.MP4	3873.230	29.97	Dominant	Chases male	Aggressive		POINT
3383.372	C:/Users/qbiol/Dropbox (Queens College)/2023/Dyad/230524_Dyad 12/Yellow/B2C/Videos/GX040554.MP4	3873.230	29.97	Subordinate	Flee	Other		POINT
3387.611	C:/Users/qbiol/Dropbox (Queens College)/2023/Dyad/230524_Dyad 12/Yellow/B2C/Videos/GX040554.MP4	3873.230	29.97	Subordinate	Flee	Other		POINT
3410.741	C:/Users/qbiol/Dropbox (Queens College)/2023/Dyad/230524_Dyad 12/Yellow/B2C/Videos/GX040554.MP4	3873.230	29.97	Dominant	Foraging	Other		STOP
3434.818	C:/Users/qbiol/Dropbox (Queens College)/2023/Dyad/230524_Dyad 12/Yellow/B2C/Videos/GX040554.MP4	3873.230	29.97	Subordinate	Flee	Other		POINT
3436.491	C:/Users/qbiol/Dropbox (Queens College)/2023/Dyad/230524_Dyad 12/Yellow/B2C/Videos/GX040554.MP4	3873.230	29.97	Dominant	Chases female	Aggressive		POINT
3438.991	C:/Users/qbiol/Dropbox (Queens College)/2023/Dyad/230524_Dyad 12/Yellow/B2C/Videos/GX040554.MP4	3873.230	29.97	Dominant	Chases female	Aggressive		POINT
3453.992	C:/Users/qbiol/Dropbox (Queens College)/2023/Dyad/230524_Dyad 12/Yellow/B2C/Videos/GX040554.MP4	3873.230	29.97	Dominant	Foraging	Other		START
3464.492	C:/Users/qbiol/Dropbox (Queens College)/2023/Dyad/230524_Dyad 12/Yellow/B2C/Videos/GX040554.MP4	3873.230	29.97	Dominant	Chases female	Aggressive		POINT
3491.742	C:/Users/qbiol/Dropbox (Queens College)/2023/Dyad/230524_Dyad 12/Yellow/B2C/Videos/GX040554.MP4	3873.230	29.97	Dominant	Foraging	Other		STOP
3530.491	C:/Users/qbiol/Dropbox (Queens College)/2023/Dyad/230524_Dyad 12/Yellow/B2C/Videos/GX040554.MP4	3873.230	29.97	Dominant	Foraging	Other		START
3540.000	C:/Users/qbiol/Dropbox (Queens College)/2023/Dyad/230524_Dyad 12/Yellow/B2C/Videos/GX040554.MP4	3873.230	29.97	Subordinate	Foraging	Other		STOP
3546.822	C:/Users/qbiol/Dropbox (Queens College)/2023/Dyad/230524_Dyad 12/Yellow/B2C/Videos/GX040554.MP4	3873.230	29.97	Subordinate	Flee	Other		POINT
3548.216	C:/Users/qbiol/Dropbox (Queens College)/2023/Dyad/230524_Dyad 12/Yellow/B2C/Videos/GX040554.MP4	3873.230	29.97	Dominant	Lateral side display	Aggressive		POINT
3549.216	C:/Users/qbiol/Dropbox (Queens College)/2023/Dyad/230524_Dyad 12/Yellow/B2C/Videos/GX040554.MP4	3873.230	29.97	Dominant	Chases male	Aggressive		POINT
3549.566	C:/Users/qbiol/Dropbox (Queens College)/2023/Dyad/230524_Dyad 12/Yellow/B2C/Videos/GX040554.MP4	3873.230	29.97	Subordinate	Flee	Other		POINT
3566.218	C:/Users/qbiol/Dropbox (Queens College)/2023/Dyad/230524_Dyad 12/Yellow/B2C/Videos/GX040554.MP4	3873.230	29.97	Dominant	Foraging	Other		STOP
3581.217	C:/Users/qbiol/Dropbox (Queens College)/2023/Dyad/230524_Dyad 12/Yellow/B2C/Videos/GX040554.MP4	3873.230	29.97	Dominant	Chases female	Aggressive		POINT
3604.968	C:/Users/qbiol/Dropbox (Queens College)/2023/Dyad/230524_Dyad 12/Yellow/B2C/Videos/GX040554.MP4	3873.230	29.97	Dominant	Foraging	Other		START
3620.968	C:/Users/qbiol/Dropbox (Queens College)/2023/Dyad/230524_Dyad 12/Yellow/B2C/Videos/GX040554.MP4	3873.230	29.97	Dominant	Foraging	Other		STOP
3637.468	C:/Users/qbiol/Dropbox (Queens College)/2023/Dyad/230524_Dyad 12/Yellow/B2C/Videos/GX040554.MP4	3873.230	29.97	Dominant	Foraging	Other		START
3670.968	C:/Users/qbiol/Dropbox (Queens College)/2023/Dyad/230524_Dyad 12/Yellow/B2C/Videos/GX040554.MP4	3873.230	29.97	Dominant	Entry/exit pot	Reproductive		POINT
3677.323	C:/Users/qbiol/Dropbox (Queens College)/2023/Dyad/230524_Dyad 12/Yellow/B2C/Videos/GX040554.MP4	3873.230	29.97	Subordinate	Flee	Other		POINT
3680.466	C:/Users/qbiol/Dropbox (Queens College)/2023/Dyad/230524_Dyad 12/Yellow/B2C/Videos/GX040554.MP4	3873.230	29.97	Dominant	Entry/exit pot	Reproductive		POINT
3685.325	C:/Users/qbiol/Dropbox (Queens College)/2023/Dyad/230524_Dyad 12/Yellow/B2C/Videos/GX040554.MP4	3873.230	29.97	Subordinate	Flee	Other		POINT
3706.717	C:/Users/qbiol/Dropbox (Queens College)/2023/Dyad/230524_Dyad 12/Yellow/B2C/Videos/GX040554.MP4	3873.230	29.97	Dominant	Foraging	Other		STOP
3723.820	C:/Users/qbiol/Dropbox (Queens College)/2023/Dyad/230524_Dyad 12/Yellow/B2C/Videos/GX040554.MP4	3873.230	29.97	Subordinate	Flee	Other		POINT
3731.219	C:/Users/qbiol/Dropbox (Queens College)/2023/Dyad/230524_Dyad 12/Yellow/B2C/Videos/GX040554.MP4	3873.230	29.97	Dominant	Foraging	Other		START
3748.217	C:/Users/qbiol/Dropbox (Queens College)/2023/Dyad/230524_Dyad 12/Yellow/B2C/Videos/GX040554.MP4	3873.230	29.97	Dominant	Foraging	Other		STOP
3780.216	C:/Users/qbiol/Dropbox (Queens College)/2023/Dyad/230524_Dyad 12/Yellow/B2C/Videos/GX040554.MP4	3873.230	29.97	Dominant	Foraging	Other		START
3786.717	C:/Users/qbiol/Dropbox (Queens College)/2023/Dyad/230524_Dyad 12/Yellow/B2C/Videos/GX040554.MP4	3873.230	29.97	Dominant	Bite	Aggressive		POINT
3787.968	C:/Users/qbiol/Dropbox (Queens College)/2023/Dyad/230524_Dyad 12/Yellow/B2C/Videos/GX040554.MP4	3873.230	29.97	Dominant	Bite female	Reproductive		POINT
3788.325	C:/Users/qbiol/Dropbox (Queens College)/2023/Dyad/230524_Dyad 12/Yellow/B2C/Videos/GX040554.MP4	3873.230	29.97	Subordinate	Flee	Other		POINT
3798.966	C:/Users/qbiol/Dropbox (Queens College)/2023/Dyad/230524_Dyad 12/Yellow/B2C/Videos/GX040554.MP4	3873.230	29.97	Dominant	Chases female	Aggressive		POINT
3812.220	C:/Users/qbiol/Dropbox (Queens College)/2023/Dyad/230524_Dyad 12/Yellow/B2C/Videos/GX040554.MP4	3873.230	29.97	Dominant	Foraging	Other		STOP
3827.716	C:/Users/qbiol/Dropbox (Queens College)/2023/Dyad/230524_Dyad 12/Yellow/B2C/Videos/GX040554.MP4	3873.230	29.97	Dominant	Foraging	Other		START
3827.818	C:/Users/qbiol/Dropbox (Queens College)/2023/Dyad/230524_Dyad 12/Yellow/B2C/Videos/GX040554.MP4	3873.230	29.97	Subordinate	Flee	Other		POINT
