Observation id	Observation date	Description	Observation duration	Observation type	Source	Media duration (s)	FPS	Subject	Behavior	Behavioral category	Behavior type	Time	Media file name	Image index	Image file path	Comment
Dyad 11 A2D (Foraging Only) ST	2024-03-17 11:38:12		3082.362	Media file(s)	player #1:C:/Users/Queens College/Dropbox (Queens College)/2023/Dyad/230418_Dyad11/Yellow/A2D/Videos/GX010550.MP4;C:/Users/Queens College/Dropbox (Queens College)/2023/Dyad/230418_Dyad11/Yellow/A2D/Videos/GX020550.MP4;C:/Users/Queens College/Dropbox (Queens College)/2023/Dyad/230418_Dyad11/Yellow/A2D/Videos/GX030550.MP4;C:/Users/Queens College/Dropbox (Queens College)/2023/Dyad/230418_Dyad11/Yellow/A2D/Videos/GX040550.MP4;C:/Users/Queens College/Dropbox (Queens College)/2023/Dyad/230418_Dyad11/Yellow/A2D/Videos/GX050550.MP4;C:/Users/Queens College/Dropbox (Queens College)/2023/Dyad/230418_Dyad11/Yellow/A2D/Videos/GX060550.MP4	707.707;707.707;707.707;707.707;707.707;707.707	59.940;59.940;59.940;59.940;59.940;59.940	Dominant	Foraging	Other	START	1076.826	C:/Users/Queens College/Dropbox (Queens College)/2023/Dyad/230418_Dyad11/Yellow/A2D/Videos/GX020550.MP4	22125	NA	
Dyad 11 A2D (Foraging Only) ST	2024-03-17 11:38:12		3082.362	Media file(s)	player #1:C:/Users/Queens College/Dropbox (Queens College)/2023/Dyad/230418_Dyad11/Yellow/A2D/Videos/GX010550.MP4;C:/Users/Queens College/Dropbox (Queens College)/2023/Dyad/230418_Dyad11/Yellow/A2D/Videos/GX020550.MP4;C:/Users/Queens College/Dropbox (Queens College)/2023/Dyad/230418_Dyad11/Yellow/A2D/Videos/GX030550.MP4;C:/Users/Queens College/Dropbox (Queens College)/2023/Dyad/230418_Dyad11/Yellow/A2D/Videos/GX040550.MP4;C:/Users/Queens College/Dropbox (Queens College)/2023/Dyad/230418_Dyad11/Yellow/A2D/Videos/GX050550.MP4;C:/Users/Queens College/Dropbox (Queens College)/2023/Dyad/230418_Dyad11/Yellow/A2D/Videos/GX060550.MP4	707.707;707.707;707.707;707.707;707.707;707.707	59.940;59.940;59.940;59.940;59.940;59.940	Dominant	Foraging	Other	STOP	1132.898	C:/Users/Queens College/Dropbox (Queens College)/2023/Dyad/230418_Dyad11/Yellow/A2D/Videos/GX020550.MP4	25486	NA	
Dyad 11 A2D (Foraging Only) ST	2024-03-17 11:38:12		3082.362	Media file(s)	player #1:C:/Users/Queens College/Dropbox (Queens College)/2023/Dyad/230418_Dyad11/Yellow/A2D/Videos/GX010550.MP4;C:/Users/Queens College/Dropbox (Queens College)/2023/Dyad/230418_Dyad11/Yellow/A2D/Videos/GX020550.MP4;C:/Users/Queens College/Dropbox (Queens College)/2023/Dyad/230418_Dyad11/Yellow/A2D/Videos/GX030550.MP4;C:/Users/Queens College/Dropbox (Queens College)/2023/Dyad/230418_Dyad11/Yellow/A2D/Videos/GX040550.MP4;C:/Users/Queens College/Dropbox (Queens College)/2023/Dyad/230418_Dyad11/Yellow/A2D/Videos/GX050550.MP4;C:/Users/Queens College/Dropbox (Queens College)/2023/Dyad/230418_Dyad11/Yellow/A2D/Videos/GX060550.MP4	707.707;707.707;707.707;707.707;707.707;707.707	59.940;59.940;59.940;59.940;59.940;59.940	Dominant	Foraging	Other	START	1209.992	C:/Users/Queens College/Dropbox (Queens College)/2023/Dyad/230418_Dyad11/Yellow/A2D/Videos/GX020550.MP4	30107	NA	
Dyad 11 A2D (Foraging Only) ST	2024-03-17 11:38:12		3082.362	Media file(s)	player #1:C:/Users/Queens College/Dropbox (Queens College)/2023/Dyad/230418_Dyad11/Yellow/A2D/Videos/GX010550.MP4;C:/Users/Queens College/Dropbox (Queens College)/2023/Dyad/230418_Dyad11/Yellow/A2D/Videos/GX020550.MP4;C:/Users/Queens College/Dropbox (Queens College)/2023/Dyad/230418_Dyad11/Yellow/A2D/Videos/GX030550.MP4;C:/Users/Queens College/Dropbox (Queens College)/2023/Dyad/230418_Dyad11/Yellow/A2D/Videos/GX040550.MP4;C:/Users/Queens College/Dropbox (Queens College)/2023/Dyad/230418_Dyad11/Yellow/A2D/Videos/GX050550.MP4;C:/Users/Queens College/Dropbox (Queens College)/2023/Dyad/230418_Dyad11/Yellow/A2D/Videos/GX060550.MP4	707.707;707.707;707.707;707.707;707.707;707.707	59.940;59.940;59.940;59.940;59.940;59.940	Dominant	Foraging	Other	STOP	1262.261	C:/Users/Queens College/Dropbox (Queens College)/2023/Dyad/230418_Dyad11/Yellow/A2D/Videos/GX020550.MP4	33240	NA	
Dyad 11 A2D (Foraging Only) ST	2024-03-17 11:38:12		3082.362	Media file(s)	player #1:C:/Users/Queens College/Dropbox (Queens College)/2023/Dyad/230418_Dyad11/Yellow/A2D/Videos/GX010550.MP4;C:/Users/Queens College/Dropbox (Queens College)/2023/Dyad/230418_Dyad11/Yellow/A2D/Videos/GX020550.MP4;C:/Users/Queens College/Dropbox (Queens College)/2023/Dyad/230418_Dyad11/Yellow/A2D/Videos/GX030550.MP4;C:/Users/Queens College/Dropbox (Queens College)/2023/Dyad/230418_Dyad11/Yellow/A2D/Videos/GX040550.MP4;C:/Users/Queens College/Dropbox (Queens College)/2023/Dyad/230418_Dyad11/Yellow/A2D/Videos/GX050550.MP4;C:/Users/Queens College/Dropbox (Queens College)/2023/Dyad/230418_Dyad11/Yellow/A2D/Videos/GX060550.MP4	707.707;707.707;707.707;707.707;707.707;707.707	59.940;59.940;59.940;59.940;59.940;59.940	Dominant	Foraging	Other	START	1290.206	C:/Users/Queens College/Dropbox (Queens College)/2023/Dyad/230418_Dyad11/Yellow/A2D/Videos/GX020550.MP4	34918	NA	
Dyad 11 A2D (Foraging Only) ST	2024-03-17 11:38:12		3082.362	Media file(s)	player #1:C:/Users/Queens College/Dropbox (Queens College)/2023/Dyad/230418_Dyad11/Yellow/A2D/Videos/GX010550.MP4;C:/Users/Queens College/Dropbox (Queens College)/2023/Dyad/230418_Dyad11/Yellow/A2D/Videos/GX020550.MP4;C:/Users/Queens College/Dropbox (Queens College)/2023/Dyad/230418_Dyad11/Yellow/A2D/Videos/GX030550.MP4;C:/Users/Queens College/Dropbox (Queens College)/2023/Dyad/230418_Dyad11/Yellow/A2D/Videos/GX040550.MP4;C:/Users/Queens College/Dropbox (Queens College)/2023/Dyad/230418_Dyad11/Yellow/A2D/Videos/GX050550.MP4;C:/Users/Queens College/Dropbox (Queens College)/2023/Dyad/230418_Dyad11/Yellow/A2D/Videos/GX060550.MP4	707.707;707.707;707.707;707.707;707.707;707.707	59.940;59.940;59.940;59.940;59.940;59.940	Dominant	Foraging	Other	STOP	1358.340	C:/Users/Queens College/Dropbox (Queens College)/2023/Dyad/230418_Dyad11/Yellow/A2D/Videos/GX020550.MP4	38999	NA	
Dyad 11 A2D (Foraging Only) ST	2024-03-17 11:38:12		3082.362	Media file(s)	player #1:C:/Users/Queens College/Dropbox (Queens College)/2023/Dyad/230418_Dyad11/Yellow/A2D/Videos/GX010550.MP4;C:/Users/Queens College/Dropbox (Queens College)/2023/Dyad/230418_Dyad11/Yellow/A2D/Videos/GX020550.MP4;C:/Users/Queens College/Dropbox (Queens College)/2023/Dyad/230418_Dyad11/Yellow/A2D/Videos/GX030550.MP4;C:/Users/Queens College/Dropbox (Queens College)/2023/Dyad/230418_Dyad11/Yellow/A2D/Videos/GX040550.MP4;C:/Users/Queens College/Dropbox (Queens College)/2023/Dyad/230418_Dyad11/Yellow/A2D/Videos/GX050550.MP4;C:/Users/Queens College/Dropbox (Queens College)/2023/Dyad/230418_Dyad11/Yellow/A2D/Videos/GX060550.MP4	707.707;707.707;707.707;707.707;707.707;707.707	59.940;59.940;59.940;59.940;59.940;59.940	Dominant	Foraging	Other	START	1382.381	C:/Users/Queens College/Dropbox (Queens College)/2023/Dyad/230418_Dyad11/Yellow/A2D/Videos/GX020550.MP4	40441	NA	
Dyad 11 A2D (Foraging Only) ST	2024-03-17 11:38:12		3082.362	Media file(s)	player #1:C:/Users/Queens College/Dropbox (Queens College)/2023/Dyad/230418_Dyad11/Yellow/A2D/Videos/GX010550.MP4;C:/Users/Queens College/Dropbox (Queens College)/2023/Dyad/230418_Dyad11/Yellow/A2D/Videos/GX020550.MP4;C:/Users/Queens College/Dropbox (Queens College)/2023/Dyad/230418_Dyad11/Yellow/A2D/Videos/GX030550.MP4;C:/Users/Queens College/Dropbox (Queens College)/2023/Dyad/230418_Dyad11/Yellow/A2D/Videos/GX040550.MP4;C:/Users/Queens College/Dropbox (Queens College)/2023/Dyad/230418_Dyad11/Yellow/A2D/Videos/GX050550.MP4;C:/Users/Queens College/Dropbox (Queens College)/2023/Dyad/230418_Dyad11/Yellow/A2D/Videos/GX060550.MP4	707.707;707.707;707.707;707.707;707.707;707.707	59.940;59.940;59.940;59.940;59.940;59.940	Dominant	Foraging	Other	STOP	1389.688	C:/Users/Queens College/Dropbox (Queens College)/2023/Dyad/230418_Dyad11/Yellow/A2D/Videos/GX020550.MP4	40878	NA	
Dyad 11 A2D (Foraging Only) ST	2024-03-17 11:38:12		3082.362	Media file(s)	player #1:C:/Users/Queens College/Dropbox (Queens College)/2023/Dyad/230418_Dyad11/Yellow/A2D/Videos/GX010550.MP4;C:/Users/Queens College/Dropbox (Queens College)/2023/Dyad/230418_Dyad11/Yellow/A2D/Videos/GX020550.MP4;C:/Users/Queens College/Dropbox (Queens College)/2023/Dyad/230418_Dyad11/Yellow/A2D/Videos/GX030550.MP4;C:/Users/Queens College/Dropbox (Queens College)/2023/Dyad/230418_Dyad11/Yellow/A2D/Videos/GX040550.MP4;C:/Users/Queens College/Dropbox (Queens College)/2023/Dyad/230418_Dyad11/Yellow/A2D/Videos/GX050550.MP4;C:/Users/Queens College/Dropbox (Queens College)/2023/Dyad/230418_Dyad11/Yellow/A2D/Videos/GX060550.MP4	707.707;707.707;707.707;707.707;707.707;707.707	59.940;59.940;59.940;59.940;59.940;59.940	Dominant	Foraging	Other	START	1400.299	C:/Users/Queens College/Dropbox (Queens College)/2023/Dyad/230418_Dyad11/Yellow/A2D/Videos/GX020550.MP4	41514	NA	
Dyad 11 A2D (Foraging Only) ST	2024-03-17 11:38:12		3082.362	Media file(s)	player #1:C:/Users/Queens College/Dropbox (Queens College)/2023/Dyad/230418_Dyad11/Yellow/A2D/Videos/GX010550.MP4;C:/Users/Queens College/Dropbox (Queens College)/2023/Dyad/230418_Dyad11/Yellow/A2D/Videos/GX020550.MP4;C:/Users/Queens College/Dropbox (Queens College)/2023/Dyad/230418_Dyad11/Yellow/A2D/Videos/GX030550.MP4;C:/Users/Queens College/Dropbox (Queens College)/2023/Dyad/230418_Dyad11/Yellow/A2D/Videos/GX040550.MP4;C:/Users/Queens College/Dropbox (Queens College)/2023/Dyad/230418_Dyad11/Yellow/A2D/Videos/GX050550.MP4;C:/Users/Queens College/Dropbox (Queens College)/2023/Dyad/230418_Dyad11/Yellow/A2D/Videos/GX060550.MP4	707.707;707.707;707.707;707.707;707.707;707.707	59.940;59.940;59.940;59.940;59.940;59.940	Dominant	Foraging	Other	STOP	1412.878	C:/Users/Queens College/Dropbox (Queens College)/2023/Dyad/230418_Dyad11/Yellow/A2D/Videos/GX020550.MP4	42268	NA	
Dyad 11 A2D (Foraging Only) ST	2024-03-17 11:38:12		3082.362	Media file(s)	player #1:C:/Users/Queens College/Dropbox (Queens College)/2023/Dyad/230418_Dyad11/Yellow/A2D/Videos/GX010550.MP4;C:/Users/Queens College/Dropbox (Queens College)/2023/Dyad/230418_Dyad11/Yellow/A2D/Videos/GX020550.MP4;C:/Users/Queens College/Dropbox (Queens College)/2023/Dyad/230418_Dyad11/Yellow/A2D/Videos/GX030550.MP4;C:/Users/Queens College/Dropbox (Queens College)/2023/Dyad/230418_Dyad11/Yellow/A2D/Videos/GX040550.MP4;C:/Users/Queens College/Dropbox (Queens College)/2023/Dyad/230418_Dyad11/Yellow/A2D/Videos/GX050550.MP4;C:/Users/Queens College/Dropbox (Queens College)/2023/Dyad/230418_Dyad11/Yellow/A2D/Videos/GX060550.MP4	707.707;707.707;707.707;707.707;707.707;707.707	59.940;59.940;59.940;59.940;59.940;59.940	Dominant	Foraging	Other	START	1420.919	C:/Users/Queens College/Dropbox (Queens College)/2023/Dyad/230418_Dyad11/Yellow/A2D/Videos/GX030550.MP4	330	NA	
Dyad 11 A2D (Foraging Only) ST	2024-03-17 11:38:12		3082.362	Media file(s)	player #1:C:/Users/Queens College/Dropbox (Queens College)/2023/Dyad/230418_Dyad11/Yellow/A2D/Videos/GX010550.MP4;C:/Users/Queens College/Dropbox (Queens College)/2023/Dyad/230418_Dyad11/Yellow/A2D/Videos/GX020550.MP4;C:/Users/Queens College/Dropbox (Queens College)/2023/Dyad/230418_Dyad11/Yellow/A2D/Videos/GX030550.MP4;C:/Users/Queens College/Dropbox (Queens College)/2023/Dyad/230418_Dyad11/Yellow/A2D/Videos/GX040550.MP4;C:/Users/Queens College/Dropbox (Queens College)/2023/Dyad/230418_Dyad11/Yellow/A2D/Videos/GX050550.MP4;C:/Users/Queens College/Dropbox (Queens College)/2023/Dyad/230418_Dyad11/Yellow/A2D/Videos/GX060550.MP4	707.707;707.707;707.707;707.707;707.707;707.707	59.940;59.940;59.940;59.940;59.940;59.940	Dominant	Foraging	Other	STOP	1455.571	C:/Users/Queens College/Dropbox (Queens College)/2023/Dyad/230418_Dyad11/Yellow/A2D/Videos/GX030550.MP4	2407	NA	
Dyad 11 A2D (Foraging Only) ST	2024-03-17 11:38:12		3082.362	Media file(s)	player #1:C:/Users/Queens College/Dropbox (Queens College)/2023/Dyad/230418_Dyad11/Yellow/A2D/Videos/GX010550.MP4;C:/Users/Queens College/Dropbox (Queens College)/2023/Dyad/230418_Dyad11/Yellow/A2D/Videos/GX020550.MP4;C:/Users/Queens College/Dropbox (Queens College)/2023/Dyad/230418_Dyad11/Yellow/A2D/Videos/GX030550.MP4;C:/Users/Queens College/Dropbox (Queens College)/2023/Dyad/230418_Dyad11/Yellow/A2D/Videos/GX040550.MP4;C:/Users/Queens College/Dropbox (Queens College)/2023/Dyad/230418_Dyad11/Yellow/A2D/Videos/GX050550.MP4;C:/Users/Queens College/Dropbox (Queens College)/2023/Dyad/230418_Dyad11/Yellow/A2D/Videos/GX060550.MP4	707.707;707.707;707.707;707.707;707.707;707.707	59.940;59.940;59.940;59.940;59.940;59.940	Dominant	Foraging	Other	START	1463.095	C:/Users/Queens College/Dropbox (Queens College)/2023/Dyad/230418_Dyad11/Yellow/A2D/Videos/GX030550.MP4	2858	NA	
Dyad 11 A2D (Foraging Only) ST	2024-03-17 11:38:12		3082.362	Media file(s)	player #1:C:/Users/Queens College/Dropbox (Queens College)/2023/Dyad/230418_Dyad11/Yellow/A2D/Videos/GX010550.MP4;C:/Users/Queens College/Dropbox (Queens College)/2023/Dyad/230418_Dyad11/Yellow/A2D/Videos/GX020550.MP4;C:/Users/Queens College/Dropbox (Queens College)/2023/Dyad/230418_Dyad11/Yellow/A2D/Videos/GX030550.MP4;C:/Users/Queens College/Dropbox (Queens College)/2023/Dyad/230418_Dyad11/Yellow/A2D/Videos/GX040550.MP4;C:/Users/Queens College/Dropbox (Queens College)/2023/Dyad/230418_Dyad11/Yellow/A2D/Videos/GX050550.MP4;C:/Users/Queens College/Dropbox (Queens College)/2023/Dyad/230418_Dyad11/Yellow/A2D/Videos/GX060550.MP4	707.707;707.707;707.707;707.707;707.707;707.707	59.940;59.940;59.940;59.940;59.940;59.940	Dominant	Foraging	Other	STOP	1478.060	C:/Users/Queens College/Dropbox (Queens College)/2023/Dyad/230418_Dyad11/Yellow/A2D/Videos/GX030550.MP4	3755	NA	
Dyad 11 A2D (Foraging Only) ST	2024-03-17 11:38:12		3082.362	Media file(s)	player #1:C:/Users/Queens College/Dropbox (Queens College)/2023/Dyad/230418_Dyad11/Yellow/A2D/Videos/GX010550.MP4;C:/Users/Queens College/Dropbox (Queens College)/2023/Dyad/230418_Dyad11/Yellow/A2D/Videos/GX020550.MP4;C:/Users/Queens College/Dropbox (Queens College)/2023/Dyad/230418_Dyad11/Yellow/A2D/Videos/GX030550.MP4;C:/Users/Queens College/Dropbox (Queens College)/2023/Dyad/230418_Dyad11/Yellow/A2D/Videos/GX040550.MP4;C:/Users/Queens College/Dropbox (Queens College)/2023/Dyad/230418_Dyad11/Yellow/A2D/Videos/GX050550.MP4;C:/Users/Queens College/Dropbox (Queens College)/2023/Dyad/230418_Dyad11/Yellow/A2D/Videos/GX060550.MP4	707.707;707.707;707.707;707.707;707.707;707.707	59.940;59.940;59.940;59.940;59.940;59.940	Dominant	Foraging	Other	START	1497.730	C:/Users/Queens College/Dropbox (Queens College)/2023/Dyad/230418_Dyad11/Yellow/A2D/Videos/GX030550.MP4	4935	NA	
Dyad 11 A2D (Foraging Only) ST	2024-03-17 11:38:12		3082.362	Media file(s)	player #1:C:/Users/Queens College/Dropbox (Queens College)/2023/Dyad/230418_Dyad11/Yellow/A2D/Videos/GX010550.MP4;C:/Users/Queens College/Dropbox (Queens College)/2023/Dyad/230418_Dyad11/Yellow/A2D/Videos/GX020550.MP4;C:/Users/Queens College/Dropbox (Queens College)/2023/Dyad/230418_Dyad11/Yellow/A2D/Videos/GX030550.MP4;C:/Users/Queens College/Dropbox (Queens College)/2023/Dyad/230418_Dyad11/Yellow/A2D/Videos/GX040550.MP4;C:/Users/Queens College/Dropbox (Queens College)/2023/Dyad/230418_Dyad11/Yellow/A2D/Videos/GX050550.MP4;C:/Users/Queens College/Dropbox (Queens College)/2023/Dyad/230418_Dyad11/Yellow/A2D/Videos/GX060550.MP4	707.707;707.707;707.707;707.707;707.707;707.707	59.940;59.940;59.940;59.940;59.940;59.940	Dominant	Foraging	Other	STOP	1554.653	C:/Users/Queens College/Dropbox (Queens College)/2023/Dyad/230418_Dyad11/Yellow/A2D/Videos/GX030550.MP4	8348	NA	
Dyad 11 A2D (Foraging Only) ST	2024-03-17 11:38:12		3082.362	Media file(s)	player #1:C:/Users/Queens College/Dropbox (Queens College)/2023/Dyad/230418_Dyad11/Yellow/A2D/Videos/GX010550.MP4;C:/Users/Queens College/Dropbox (Queens College)/2023/Dyad/230418_Dyad11/Yellow/A2D/Videos/GX020550.MP4;C:/Users/Queens College/Dropbox (Queens College)/2023/Dyad/230418_Dyad11/Yellow/A2D/Videos/GX030550.MP4;C:/Users/Queens College/Dropbox (Queens College)/2023/Dyad/230418_Dyad11/Yellow/A2D/Videos/GX040550.MP4;C:/Users/Queens College/Dropbox (Queens College)/2023/Dyad/230418_Dyad11/Yellow/A2D/Videos/GX050550.MP4;C:/Users/Queens College/Dropbox (Queens College)/2023/Dyad/230418_Dyad11/Yellow/A2D/Videos/GX060550.MP4	707.707;707.707;707.707;707.707;707.707;707.707	59.940;59.940;59.940;59.940;59.940;59.940	Dominant	Foraging	Other	START	1571.887	C:/Users/Queens College/Dropbox (Queens College)/2023/Dyad/230418_Dyad11/Yellow/A2D/Videos/GX030550.MP4	9379	NA	
Dyad 11 A2D (Foraging Only) ST	2024-03-17 11:38:12		3082.362	Media file(s)	player #1:C:/Users/Queens College/Dropbox (Queens College)/2023/Dyad/230418_Dyad11/Yellow/A2D/Videos/GX010550.MP4;C:/Users/Queens College/Dropbox (Queens College)/2023/Dyad/230418_Dyad11/Yellow/A2D/Videos/GX020550.MP4;C:/Users/Queens College/Dropbox (Queens College)/2023/Dyad/230418_Dyad11/Yellow/A2D/Videos/GX030550.MP4;C:/Users/Queens College/Dropbox (Queens College)/2023/Dyad/230418_Dyad11/Yellow/A2D/Videos/GX040550.MP4;C:/Users/Queens College/Dropbox (Queens College)/2023/Dyad/230418_Dyad11/Yellow/A2D/Videos/GX050550.MP4;C:/Users/Queens College/Dropbox (Queens College)/2023/Dyad/230418_Dyad11/Yellow/A2D/Videos/GX060550.MP4	707.707;707.707;707.707;707.707;707.707;707.707	59.940;59.940;59.940;59.940;59.940;59.940	Dominant	Foraging	Other	STOP	1613.512	C:/Users/Queens College/Dropbox (Queens College)/2023/Dyad/230418_Dyad11/Yellow/A2D/Videos/GX030550.MP4	11874	NA	
Dyad 11 A2D (Foraging Only) ST	2024-03-17 11:38:12		3082.362	Media file(s)	player #1:C:/Users/Queens College/Dropbox (Queens College)/2023/Dyad/230418_Dyad11/Yellow/A2D/Videos/GX010550.MP4;C:/Users/Queens College/Dropbox (Queens College)/2023/Dyad/230418_Dyad11/Yellow/A2D/Videos/GX020550.MP4;C:/Users/Queens College/Dropbox (Queens College)/2023/Dyad/230418_Dyad11/Yellow/A2D/Videos/GX030550.MP4;C:/Users/Queens College/Dropbox (Queens College)/2023/Dyad/230418_Dyad11/Yellow/A2D/Videos/GX040550.MP4;C:/Users/Queens College/Dropbox (Queens College)/2023/Dyad/230418_Dyad11/Yellow/A2D/Videos/GX050550.MP4;C:/Users/Queens College/Dropbox (Queens College)/2023/Dyad/230418_Dyad11/Yellow/A2D/Videos/GX060550.MP4	707.707;707.707;707.707;707.707;707.707;707.707	59.940;59.940;59.940;59.940;59.940;59.940	Dominant	Foraging	Other	START	1621.787	C:/Users/Queens College/Dropbox (Queens College)/2023/Dyad/230418_Dyad11/Yellow/A2D/Videos/GX030550.MP4	12370	NA	
Dyad 11 A2D (Foraging Only) ST	2024-03-17 11:38:12		3082.362	Media file(s)	player #1:C:/Users/Queens College/Dropbox (Queens College)/2023/Dyad/230418_Dyad11/Yellow/A2D/Videos/GX010550.MP4;C:/Users/Queens College/Dropbox (Queens College)/2023/Dyad/230418_Dyad11/Yellow/A2D/Videos/GX020550.MP4;C:/Users/Queens College/Dropbox (Queens College)/2023/Dyad/230418_Dyad11/Yellow/A2D/Videos/GX030550.MP4;C:/Users/Queens College/Dropbox (Queens College)/2023/Dyad/230418_Dyad11/Yellow/A2D/Videos/GX040550.MP4;C:/Users/Queens College/Dropbox (Queens College)/2023/Dyad/230418_Dyad11/Yellow/A2D/Videos/GX050550.MP4;C:/Users/Queens College/Dropbox (Queens College)/2023/Dyad/230418_Dyad11/Yellow/A2D/Videos/GX060550.MP4	707.707;707.707;707.707;707.707;707.707;707.707	59.940;59.940;59.940;59.940;59.940;59.940	Dominant	Foraging	Other	STOP	1656.371	C:/Users/Queens College/Dropbox (Queens College)/2023/Dyad/230418_Dyad11/Yellow/A2D/Videos/GX030550.MP4	14443	NA	
Dyad 11 A2D (Foraging Only) ST	2024-03-17 11:38:12		3082.362	Media file(s)	player #1:C:/Users/Queens College/Dropbox (Queens College)/2023/Dyad/230418_Dyad11/Yellow/A2D/Videos/GX010550.MP4;C:/Users/Queens College/Dropbox (Queens College)/2023/Dyad/230418_Dyad11/Yellow/A2D/Videos/GX020550.MP4;C:/Users/Queens College/Dropbox (Queens College)/2023/Dyad/230418_Dyad11/Yellow/A2D/Videos/GX030550.MP4;C:/Users/Queens College/Dropbox (Queens College)/2023/Dyad/230418_Dyad11/Yellow/A2D/Videos/GX040550.MP4;C:/Users/Queens College/Dropbox (Queens College)/2023/Dyad/230418_Dyad11/Yellow/A2D/Videos/GX050550.MP4;C:/Users/Queens College/Dropbox (Queens College)/2023/Dyad/230418_Dyad11/Yellow/A2D/Videos/GX060550.MP4	707.707;707.707;707.707;707.707;707.707;707.707	59.940;59.940;59.940;59.940;59.940;59.940	Dominant	Foraging	Other	START	1666.548	C:/Users/Queens College/Dropbox (Queens College)/2023/Dyad/230418_Dyad11/Yellow/A2D/Videos/GX030550.MP4	15053	NA	
Dyad 11 A2D (Foraging Only) ST	2024-03-17 11:38:12		3082.362	Media file(s)	player #1:C:/Users/Queens College/Dropbox (Queens College)/2023/Dyad/230418_Dyad11/Yellow/A2D/Videos/GX010550.MP4;C:/Users/Queens College/Dropbox (Queens College)/2023/Dyad/230418_Dyad11/Yellow/A2D/Videos/GX020550.MP4;C:/Users/Queens College/Dropbox (Queens College)/2023/Dyad/230418_Dyad11/Yellow/A2D/Videos/GX030550.MP4;C:/Users/Queens College/Dropbox (Queens College)/2023/Dyad/230418_Dyad11/Yellow/A2D/Videos/GX040550.MP4;C:/Users/Queens College/Dropbox (Queens College)/2023/Dyad/230418_Dyad11/Yellow/A2D/Videos/GX050550.MP4;C:/Users/Queens College/Dropbox (Queens College)/2023/Dyad/230418_Dyad11/Yellow/A2D/Videos/GX060550.MP4	707.707;707.707;707.707;707.707;707.707;707.707	59.940;59.940;59.940;59.940;59.940;59.940	Dominant	Foraging	Other	STOP	1697.679	C:/Users/Queens College/Dropbox (Queens College)/2023/Dyad/230418_Dyad11/Yellow/A2D/Videos/GX030550.MP4	16919	NA	
Dyad 11 A2D (Foraging Only) ST	2024-03-17 11:38:12		3082.362	Media file(s)	player #1:C:/Users/Queens College/Dropbox (Queens College)/2023/Dyad/230418_Dyad11/Yellow/A2D/Videos/GX010550.MP4;C:/Users/Queens College/Dropbox (Queens College)/2023/Dyad/230418_Dyad11/Yellow/A2D/Videos/GX020550.MP4;C:/Users/Queens College/Dropbox (Queens College)/2023/Dyad/230418_Dyad11/Yellow/A2D/Videos/GX030550.MP4;C:/Users/Queens College/Dropbox (Queens College)/2023/Dyad/230418_Dyad11/Yellow/A2D/Videos/GX040550.MP4;C:/Users/Queens College/Dropbox (Queens College)/2023/Dyad/230418_Dyad11/Yellow/A2D/Videos/GX050550.MP4;C:/Users/Queens College/Dropbox (Queens College)/2023/Dyad/230418_Dyad11/Yellow/A2D/Videos/GX060550.MP4	707.707;707.707;707.707;707.707;707.707;707.707	59.940;59.940;59.940;59.940;59.940;59.940	Dominant	Foraging	Other	START	1703.302	C:/Users/Queens College/Dropbox (Queens College)/2023/Dyad/230418_Dyad11/Yellow/A2D/Videos/GX030550.MP4	17256	NA	
Dyad 11 A2D (Foraging Only) ST	2024-03-17 11:38:12		3082.362	Media file(s)	player #1:C:/Users/Queens College/Dropbox (Queens College)/2023/Dyad/230418_Dyad11/Yellow/A2D/Videos/GX010550.MP4;C:/Users/Queens College/Dropbox (Queens College)/2023/Dyad/230418_Dyad11/Yellow/A2D/Videos/GX020550.MP4;C:/Users/Queens College/Dropbox (Queens College)/2023/Dyad/230418_Dyad11/Yellow/A2D/Videos/GX030550.MP4;C:/Users/Queens College/Dropbox (Queens College)/2023/Dyad/230418_Dyad11/Yellow/A2D/Videos/GX040550.MP4;C:/Users/Queens College/Dropbox (Queens College)/2023/Dyad/230418_Dyad11/Yellow/A2D/Videos/GX050550.MP4;C:/Users/Queens College/Dropbox (Queens College)/2023/Dyad/230418_Dyad11/Yellow/A2D/Videos/GX060550.MP4	707.707;707.707;707.707;707.707;707.707;707.707	59.940;59.940;59.940;59.940;59.940;59.940	Dominant	Foraging	Other	STOP	1785.367	C:/Users/Queens College/Dropbox (Queens College)/2023/Dyad/230418_Dyad11/Yellow/A2D/Videos/GX030550.MP4	22175	NA	
Dyad 11 A2D (Foraging Only) ST	2024-03-17 11:38:12		3082.362	Media file(s)	player #1:C:/Users/Queens College/Dropbox (Queens College)/2023/Dyad/230418_Dyad11/Yellow/A2D/Videos/GX010550.MP4;C:/Users/Queens College/Dropbox (Queens College)/2023/Dyad/230418_Dyad11/Yellow/A2D/Videos/GX020550.MP4;C:/Users/Queens College/Dropbox (Queens College)/2023/Dyad/230418_Dyad11/Yellow/A2D/Videos/GX030550.MP4;C:/Users/Queens College/Dropbox (Queens College)/2023/Dyad/230418_Dyad11/Yellow/A2D/Videos/GX040550.MP4;C:/Users/Queens College/Dropbox (Queens College)/2023/Dyad/230418_Dyad11/Yellow/A2D/Videos/GX050550.MP4;C:/Users/Queens College/Dropbox (Queens College)/2023/Dyad/230418_Dyad11/Yellow/A2D/Videos/GX060550.MP4	707.707;707.707;707.707;707.707;707.707;707.707	59.940;59.940;59.940;59.940;59.940;59.940	Dominant	Foraging	Other	START	1805.404	C:/Users/Queens College/Dropbox (Queens College)/2023/Dyad/230418_Dyad11/Yellow/A2D/Videos/GX030550.MP4	23376	NA	
Dyad 11 A2D (Foraging Only) ST	2024-03-17 11:38:12		3082.362	Media file(s)	player #1:C:/Users/Queens College/Dropbox (Queens College)/2023/Dyad/230418_Dyad11/Yellow/A2D/Videos/GX010550.MP4;C:/Users/Queens College/Dropbox (Queens College)/2023/Dyad/230418_Dyad11/Yellow/A2D/Videos/GX020550.MP4;C:/Users/Queens College/Dropbox (Queens College)/2023/Dyad/230418_Dyad11/Yellow/A2D/Videos/GX030550.MP4;C:/Users/Queens College/Dropbox (Queens College)/2023/Dyad/230418_Dyad11/Yellow/A2D/Videos/GX040550.MP4;C:/Users/Queens College/Dropbox (Queens College)/2023/Dyad/230418_Dyad11/Yellow/A2D/Videos/GX050550.MP4;C:/Users/Queens College/Dropbox (Queens College)/2023/Dyad/230418_Dyad11/Yellow/A2D/Videos/GX060550.MP4	707.707;707.707;707.707;707.707;707.707;707.707	59.940;59.940;59.940;59.940;59.940;59.940	Dominant	Foraging	Other	STOP	1813.345	C:/Users/Queens College/Dropbox (Queens College)/2023/Dyad/230418_Dyad11/Yellow/A2D/Videos/GX030550.MP4	23852	NA	
Dyad 11 A2D (Foraging Only) ST	2024-03-17 11:38:12		3082.362	Media file(s)	player #1:C:/Users/Queens College/Dropbox (Queens College)/2023/Dyad/230418_Dyad11/Yellow/A2D/Videos/GX010550.MP4;C:/Users/Queens College/Dropbox (Queens College)/2023/Dyad/230418_Dyad11/Yellow/A2D/Videos/GX020550.MP4;C:/Users/Queens College/Dropbox (Queens College)/2023/Dyad/230418_Dyad11/Yellow/A2D/Videos/GX030550.MP4;C:/Users/Queens College/Dropbox (Queens College)/2023/Dyad/230418_Dyad11/Yellow/A2D/Videos/GX040550.MP4;C:/Users/Queens College/Dropbox (Queens College)/2023/Dyad/230418_Dyad11/Yellow/A2D/Videos/GX050550.MP4;C:/Users/Queens College/Dropbox (Queens College)/2023/Dyad/230418_Dyad11/Yellow/A2D/Videos/GX060550.MP4	707.707;707.707;707.707;707.707;707.707;707.707	59.940;59.940;59.940;59.940;59.940;59.940	Dominant	Foraging	Other	START	1846.028	C:/Users/Queens College/Dropbox (Queens College)/2023/Dyad/230418_Dyad11/Yellow/A2D/Videos/GX030550.MP4	25811	NA	
Dyad 11 A2D (Foraging Only) ST	2024-03-17 11:38:12		3082.362	Media file(s)	player #1:C:/Users/Queens College/Dropbox (Queens College)/2023/Dyad/230418_Dyad11/Yellow/A2D/Videos/GX010550.MP4;C:/Users/Queens College/Dropbox (Queens College)/2023/Dyad/230418_Dyad11/Yellow/A2D/Videos/GX020550.MP4;C:/Users/Queens College/Dropbox (Queens College)/2023/Dyad/230418_Dyad11/Yellow/A2D/Videos/GX030550.MP4;C:/Users/Queens College/Dropbox (Queens College)/2023/Dyad/230418_Dyad11/Yellow/A2D/Videos/GX040550.MP4;C:/Users/Queens College/Dropbox (Queens College)/2023/Dyad/230418_Dyad11/Yellow/A2D/Videos/GX050550.MP4;C:/Users/Queens College/Dropbox (Queens College)/2023/Dyad/230418_Dyad11/Yellow/A2D/Videos/GX060550.MP4	707.707;707.707;707.707;707.707;707.707;707.707	59.940;59.940;59.940;59.940;59.940;59.940	Dominant	Foraging	Other	STOP	1876.792	C:/Users/Queens College/Dropbox (Queens College)/2023/Dyad/230418_Dyad11/Yellow/A2D/Videos/GX030550.MP4	27655	NA	
Dyad 11 A2D (Foraging Only) ST	2024-03-17 11:38:12		3082.362	Media file(s)	player #1:C:/Users/Queens College/Dropbox (Queens College)/2023/Dyad/230418_Dyad11/Yellow/A2D/Videos/GX010550.MP4;C:/Users/Queens College/Dropbox (Queens College)/2023/Dyad/230418_Dyad11/Yellow/A2D/Videos/GX020550.MP4;C:/Users/Queens College/Dropbox (Queens College)/2023/Dyad/230418_Dyad11/Yellow/A2D/Videos/GX030550.MP4;C:/Users/Queens College/Dropbox (Queens College)/2023/Dyad/230418_Dyad11/Yellow/A2D/Videos/GX040550.MP4;C:/Users/Queens College/Dropbox (Queens College)/2023/Dyad/230418_Dyad11/Yellow/A2D/Videos/GX050550.MP4;C:/Users/Queens College/Dropbox (Queens College)/2023/Dyad/230418_Dyad11/Yellow/A2D/Videos/GX060550.MP4	707.707;707.707;707.707;707.707;707.707;707.707	59.940;59.940;59.940;59.940;59.940;59.940	Dominant	Foraging	Other	START	1887.736	C:/Users/Queens College/Dropbox (Queens College)/2023/Dyad/230418_Dyad11/Yellow/A2D/Videos/GX030550.MP4	28311	NA	
Dyad 11 A2D (Foraging Only) ST	2024-03-17 11:38:12		3082.362	Media file(s)	player #1:C:/Users/Queens College/Dropbox (Queens College)/2023/Dyad/230418_Dyad11/Yellow/A2D/Videos/GX010550.MP4;C:/Users/Queens College/Dropbox (Queens College)/2023/Dyad/230418_Dyad11/Yellow/A2D/Videos/GX020550.MP4;C:/Users/Queens College/Dropbox (Queens College)/2023/Dyad/230418_Dyad11/Yellow/A2D/Videos/GX030550.MP4;C:/Users/Queens College/Dropbox (Queens College)/2023/Dyad/230418_Dyad11/Yellow/A2D/Videos/GX040550.MP4;C:/Users/Queens College/Dropbox (Queens College)/2023/Dyad/230418_Dyad11/Yellow/A2D/Videos/GX050550.MP4;C:/Users/Queens College/Dropbox (Queens College)/2023/Dyad/230418_Dyad11/Yellow/A2D/Videos/GX060550.MP4	707.707;707.707;707.707;707.707;707.707;707.707	59.940;59.940;59.940;59.940;59.940;59.940	Dominant	Foraging	Other	STOP	1923.371	C:/Users/Queens College/Dropbox (Queens College)/2023/Dyad/230418_Dyad11/Yellow/A2D/Videos/GX030550.MP4	30447	NA	
Dyad 11 A2D (Foraging Only) ST	2024-03-17 11:38:12		3082.362	Media file(s)	player #1:C:/Users/Queens College/Dropbox (Queens College)/2023/Dyad/230418_Dyad11/Yellow/A2D/Videos/GX010550.MP4;C:/Users/Queens College/Dropbox (Queens College)/2023/Dyad/230418_Dyad11/Yellow/A2D/Videos/GX020550.MP4;C:/Users/Queens College/Dropbox (Queens College)/2023/Dyad/230418_Dyad11/Yellow/A2D/Videos/GX030550.MP4;C:/Users/Queens College/Dropbox (Queens College)/2023/Dyad/230418_Dyad11/Yellow/A2D/Videos/GX040550.MP4;C:/Users/Queens College/Dropbox (Queens College)/2023/Dyad/230418_Dyad11/Yellow/A2D/Videos/GX050550.MP4;C:/Users/Queens College/Dropbox (Queens College)/2023/Dyad/230418_Dyad11/Yellow/A2D/Videos/GX060550.MP4	707.707;707.707;707.707;707.707;707.707;707.707	59.940;59.940;59.940;59.940;59.940;59.940	Dominant	Foraging	Other	START	1954.803	C:/Users/Queens College/Dropbox (Queens College)/2023/Dyad/230418_Dyad11/Yellow/A2D/Videos/GX030550.MP4	32331	NA	
Dyad 11 A2D (Foraging Only) ST	2024-03-17 11:38:12		3082.362	Media file(s)	player #1:C:/Users/Queens College/Dropbox (Queens College)/2023/Dyad/230418_Dyad11/Yellow/A2D/Videos/GX010550.MP4;C:/Users/Queens College/Dropbox (Queens College)/2023/Dyad/230418_Dyad11/Yellow/A2D/Videos/GX020550.MP4;C:/Users/Queens College/Dropbox (Queens College)/2023/Dyad/230418_Dyad11/Yellow/A2D/Videos/GX030550.MP4;C:/Users/Queens College/Dropbox (Queens College)/2023/Dyad/230418_Dyad11/Yellow/A2D/Videos/GX040550.MP4;C:/Users/Queens College/Dropbox (Queens College)/2023/Dyad/230418_Dyad11/Yellow/A2D/Videos/GX050550.MP4;C:/Users/Queens College/Dropbox (Queens College)/2023/Dyad/230418_Dyad11/Yellow/A2D/Videos/GX060550.MP4	707.707;707.707;707.707;707.707;707.707;707.707	59.940;59.940;59.940;59.940;59.940;59.940	Dominant	Foraging	Other	STOP	1975.657	C:/Users/Queens College/Dropbox (Queens College)/2023/Dyad/230418_Dyad11/Yellow/A2D/Videos/GX030550.MP4	33581	NA	
Dyad 11 A2D (Foraging Only) ST	2024-03-17 11:38:12		3082.362	Media file(s)	player #1:C:/Users/Queens College/Dropbox (Queens College)/2023/Dyad/230418_Dyad11/Yellow/A2D/Videos/GX010550.MP4;C:/Users/Queens College/Dropbox (Queens College)/2023/Dyad/230418_Dyad11/Yellow/A2D/Videos/GX020550.MP4;C:/Users/Queens College/Dropbox (Queens College)/2023/Dyad/230418_Dyad11/Yellow/A2D/Videos/GX030550.MP4;C:/Users/Queens College/Dropbox (Queens College)/2023/Dyad/230418_Dyad11/Yellow/A2D/Videos/GX040550.MP4;C:/Users/Queens College/Dropbox (Queens College)/2023/Dyad/230418_Dyad11/Yellow/A2D/Videos/GX050550.MP4;C:/Users/Queens College/Dropbox (Queens College)/2023/Dyad/230418_Dyad11/Yellow/A2D/Videos/GX060550.MP4	707.707;707.707;707.707;707.707;707.707;707.707	59.940;59.940;59.940;59.940;59.940;59.940	Dominant	Foraging	Other	START	2039.688	C:/Users/Queens College/Dropbox (Queens College)/2023/Dyad/230418_Dyad11/Yellow/A2D/Videos/GX030550.MP4	37419	NA	
Dyad 11 A2D (Foraging Only) ST	2024-03-17 11:38:12		3082.362	Media file(s)	player #1:C:/Users/Queens College/Dropbox (Queens College)/2023/Dyad/230418_Dyad11/Yellow/A2D/Videos/GX010550.MP4;C:/Users/Queens College/Dropbox (Queens College)/2023/Dyad/230418_Dyad11/Yellow/A2D/Videos/GX020550.MP4;C:/Users/Queens College/Dropbox (Queens College)/2023/Dyad/230418_Dyad11/Yellow/A2D/Videos/GX030550.MP4;C:/Users/Queens College/Dropbox (Queens College)/2023/Dyad/230418_Dyad11/Yellow/A2D/Videos/GX040550.MP4;C:/Users/Queens College/Dropbox (Queens College)/2023/Dyad/230418_Dyad11/Yellow/A2D/Videos/GX050550.MP4;C:/Users/Queens College/Dropbox (Queens College)/2023/Dyad/230418_Dyad11/Yellow/A2D/Videos/GX060550.MP4	707.707;707.707;707.707;707.707;707.707;707.707	59.940;59.940;59.940;59.940;59.940;59.940	Dominant	Foraging	Other	STOP	2073.121	C:/Users/Queens College/Dropbox (Queens College)/2023/Dyad/230418_Dyad11/Yellow/A2D/Videos/GX030550.MP4	39423	NA	
Dyad 11 A2D (Foraging Only) ST	2024-03-17 11:38:12		3082.362	Media file(s)	player #1:C:/Users/Queens College/Dropbox (Queens College)/2023/Dyad/230418_Dyad11/Yellow/A2D/Videos/GX010550.MP4;C:/Users/Queens College/Dropbox (Queens College)/2023/Dyad/230418_Dyad11/Yellow/A2D/Videos/GX020550.MP4;C:/Users/Queens College/Dropbox (Queens College)/2023/Dyad/230418_Dyad11/Yellow/A2D/Videos/GX030550.MP4;C:/Users/Queens College/Dropbox (Queens College)/2023/Dyad/230418_Dyad11/Yellow/A2D/Videos/GX040550.MP4;C:/Users/Queens College/Dropbox (Queens College)/2023/Dyad/230418_Dyad11/Yellow/A2D/Videos/GX050550.MP4;C:/Users/Queens College/Dropbox (Queens College)/2023/Dyad/230418_Dyad11/Yellow/A2D/Videos/GX060550.MP4	707.707;707.707;707.707;707.707;707.707;707.707	59.940;59.940;59.940;59.940;59.940;59.940	Dominant	Foraging	Other	START	2084.866	C:/Users/Queens College/Dropbox (Queens College)/2023/Dyad/230418_Dyad11/Yellow/A2D/Videos/GX030550.MP4	40127	NA	
Dyad 11 A2D (Foraging Only) ST	2024-03-17 11:38:12		3082.362	Media file(s)	player #1:C:/Users/Queens College/Dropbox (Queens College)/2023/Dyad/230418_Dyad11/Yellow/A2D/Videos/GX010550.MP4;C:/Users/Queens College/Dropbox (Queens College)/2023/Dyad/230418_Dyad11/Yellow/A2D/Videos/GX020550.MP4;C:/Users/Queens College/Dropbox (Queens College)/2023/Dyad/230418_Dyad11/Yellow/A2D/Videos/GX030550.MP4;C:/Users/Queens College/Dropbox (Queens College)/2023/Dyad/230418_Dyad11/Yellow/A2D/Videos/GX040550.MP4;C:/Users/Queens College/Dropbox (Queens College)/2023/Dyad/230418_Dyad11/Yellow/A2D/Videos/GX050550.MP4;C:/Users/Queens College/Dropbox (Queens College)/2023/Dyad/230418_Dyad11/Yellow/A2D/Videos/GX060550.MP4	707.707;707.707;707.707;707.707;707.707;707.707	59.940;59.940;59.940;59.940;59.940;59.940	Dominant	Foraging	Other	STOP	2118.166	C:/Users/Queens College/Dropbox (Queens College)/2023/Dyad/230418_Dyad11/Yellow/A2D/Videos/GX030550.MP4	42123	NA	
Dyad 11 A2D (Foraging Only) ST	2024-03-17 11:38:12		3082.362	Media file(s)	player #1:C:/Users/Queens College/Dropbox (Queens College)/2023/Dyad/230418_Dyad11/Yellow/A2D/Videos/GX010550.MP4;C:/Users/Queens College/Dropbox (Queens College)/2023/Dyad/230418_Dyad11/Yellow/A2D/Videos/GX020550.MP4;C:/Users/Queens College/Dropbox (Queens College)/2023/Dyad/230418_Dyad11/Yellow/A2D/Videos/GX030550.MP4;C:/Users/Queens College/Dropbox (Queens College)/2023/Dyad/230418_Dyad11/Yellow/A2D/Videos/GX040550.MP4;C:/Users/Queens College/Dropbox (Queens College)/2023/Dyad/230418_Dyad11/Yellow/A2D/Videos/GX050550.MP4;C:/Users/Queens College/Dropbox (Queens College)/2023/Dyad/230418_Dyad11/Yellow/A2D/Videos/GX060550.MP4	707.707;707.707;707.707;707.707;707.707;707.707	59.940;59.940;59.940;59.940;59.940;59.940	Dominant	Foraging	Other	START	2123.154	C:/Users/Queens College/Dropbox (Queens College)/2023/Dyad/230418_Dyad11/Yellow/A2D/Videos/GX040550.MP4	2	NA	
Dyad 11 A2D (Foraging Only) ST	2024-03-17 11:38:12		3082.362	Media file(s)	player #1:C:/Users/Queens College/Dropbox (Queens College)/2023/Dyad/230418_Dyad11/Yellow/A2D/Videos/GX010550.MP4;C:/Users/Queens College/Dropbox (Queens College)/2023/Dyad/230418_Dyad11/Yellow/A2D/Videos/GX020550.MP4;C:/Users/Queens College/Dropbox (Queens College)/2023/Dyad/230418_Dyad11/Yellow/A2D/Videos/GX030550.MP4;C:/Users/Queens College/Dropbox (Queens College)/2023/Dyad/230418_Dyad11/Yellow/A2D/Videos/GX040550.MP4;C:/Users/Queens College/Dropbox (Queens College)/2023/Dyad/230418_Dyad11/Yellow/A2D/Videos/GX050550.MP4;C:/Users/Queens College/Dropbox (Queens College)/2023/Dyad/230418_Dyad11/Yellow/A2D/Videos/GX060550.MP4	707.707;707.707;707.707;707.707;707.707;707.707	59.940;59.940;59.940;59.940;59.940;59.940	Dominant	Foraging	Other	STOP	2146.611	C:/Users/Queens College/Dropbox (Queens College)/2023/Dyad/230418_Dyad11/Yellow/A2D/Videos/GX040550.MP4	1408	NA	
Dyad 11 A2D (Foraging Only) ST	2024-03-17 11:38:12		3082.362	Media file(s)	player #1:C:/Users/Queens College/Dropbox (Queens College)/2023/Dyad/230418_Dyad11/Yellow/A2D/Videos/GX010550.MP4;C:/Users/Queens College/Dropbox (Queens College)/2023/Dyad/230418_Dyad11/Yellow/A2D/Videos/GX020550.MP4;C:/Users/Queens College/Dropbox (Queens College)/2023/Dyad/230418_Dyad11/Yellow/A2D/Videos/GX030550.MP4;C:/Users/Queens College/Dropbox (Queens College)/2023/Dyad/230418_Dyad11/Yellow/A2D/Videos/GX040550.MP4;C:/Users/Queens College/Dropbox (Queens College)/2023/Dyad/230418_Dyad11/Yellow/A2D/Videos/GX050550.MP4;C:/Users/Queens College/Dropbox (Queens College)/2023/Dyad/230418_Dyad11/Yellow/A2D/Videos/GX060550.MP4	707.707;707.707;707.707;707.707;707.707;707.707	59.940;59.940;59.940;59.940;59.940;59.940	Dominant	Foraging	Other	START	2156.204	C:/Users/Queens College/Dropbox (Queens College)/2023/Dyad/230418_Dyad11/Yellow/A2D/Videos/GX040550.MP4	1983	NA	
Dyad 11 A2D (Foraging Only) ST	2024-03-17 11:38:12		3082.362	Media file(s)	player #1:C:/Users/Queens College/Dropbox (Queens College)/2023/Dyad/230418_Dyad11/Yellow/A2D/Videos/GX010550.MP4;C:/Users/Queens College/Dropbox (Queens College)/2023/Dyad/230418_Dyad11/Yellow/A2D/Videos/GX020550.MP4;C:/Users/Queens College/Dropbox (Queens College)/2023/Dyad/230418_Dyad11/Yellow/A2D/Videos/GX030550.MP4;C:/Users/Queens College/Dropbox (Queens College)/2023/Dyad/230418_Dyad11/Yellow/A2D/Videos/GX040550.MP4;C:/Users/Queens College/Dropbox (Queens College)/2023/Dyad/230418_Dyad11/Yellow/A2D/Videos/GX050550.MP4;C:/Users/Queens College/Dropbox (Queens College)/2023/Dyad/230418_Dyad11/Yellow/A2D/Videos/GX060550.MP4	707.707;707.707;707.707;707.707;707.707;707.707	59.940;59.940;59.940;59.940;59.940;59.940	Dominant	Foraging	Other	STOP	2173.488	C:/Users/Queens College/Dropbox (Queens College)/2023/Dyad/230418_Dyad11/Yellow/A2D/Videos/GX040550.MP4	3019	NA	
Dyad 11 A2D (Foraging Only) ST	2024-03-17 11:38:12		3082.362	Media file(s)	player #1:C:/Users/Queens College/Dropbox (Queens College)/2023/Dyad/230418_Dyad11/Yellow/A2D/Videos/GX010550.MP4;C:/Users/Queens College/Dropbox (Queens College)/2023/Dyad/230418_Dyad11/Yellow/A2D/Videos/GX020550.MP4;C:/Users/Queens College/Dropbox (Queens College)/2023/Dyad/230418_Dyad11/Yellow/A2D/Videos/GX030550.MP4;C:/Users/Queens College/Dropbox (Queens College)/2023/Dyad/230418_Dyad11/Yellow/A2D/Videos/GX040550.MP4;C:/Users/Queens College/Dropbox (Queens College)/2023/Dyad/230418_Dyad11/Yellow/A2D/Videos/GX050550.MP4;C:/Users/Queens College/Dropbox (Queens College)/2023/Dyad/230418_Dyad11/Yellow/A2D/Videos/GX060550.MP4	707.707;707.707;707.707;707.707;707.707;707.707	59.940;59.940;59.940;59.940;59.940;59.940	Dominant	Foraging	Other	START	2210.792	C:/Users/Queens College/Dropbox (Queens College)/2023/Dyad/230418_Dyad11/Yellow/A2D/Videos/GX040550.MP4	5255	NA	
Dyad 11 A2D (Foraging Only) ST	2024-03-17 11:38:12		3082.362	Media file(s)	player #1:C:/Users/Queens College/Dropbox (Queens College)/2023/Dyad/230418_Dyad11/Yellow/A2D/Videos/GX010550.MP4;C:/Users/Queens College/Dropbox (Queens College)/2023/Dyad/230418_Dyad11/Yellow/A2D/Videos/GX020550.MP4;C:/Users/Queens College/Dropbox (Queens College)/2023/Dyad/230418_Dyad11/Yellow/A2D/Videos/GX030550.MP4;C:/Users/Queens College/Dropbox (Queens College)/2023/Dyad/230418_Dyad11/Yellow/A2D/Videos/GX040550.MP4;C:/Users/Queens College/Dropbox (Queens College)/2023/Dyad/230418_Dyad11/Yellow/A2D/Videos/GX050550.MP4;C:/Users/Queens College/Dropbox (Queens College)/2023/Dyad/230418_Dyad11/Yellow/A2D/Videos/GX060550.MP4	707.707;707.707;707.707;707.707;707.707;707.707	59.940;59.940;59.940;59.940;59.940;59.940	Dominant	Foraging	Other	STOP	2220.535	C:/Users/Queens College/Dropbox (Queens College)/2023/Dyad/230418_Dyad11/Yellow/A2D/Videos/GX040550.MP4	5839	NA	
Dyad 11 A2D (Foraging Only) ST	2024-03-17 11:38:12		3082.362	Media file(s)	player #1:C:/Users/Queens College/Dropbox (Queens College)/2023/Dyad/230418_Dyad11/Yellow/A2D/Videos/GX010550.MP4;C:/Users/Queens College/Dropbox (Queens College)/2023/Dyad/230418_Dyad11/Yellow/A2D/Videos/GX020550.MP4;C:/Users/Queens College/Dropbox (Queens College)/2023/Dyad/230418_Dyad11/Yellow/A2D/Videos/GX030550.MP4;C:/Users/Queens College/Dropbox (Queens College)/2023/Dyad/230418_Dyad11/Yellow/A2D/Videos/GX040550.MP4;C:/Users/Queens College/Dropbox (Queens College)/2023/Dyad/230418_Dyad11/Yellow/A2D/Videos/GX050550.MP4;C:/Users/Queens College/Dropbox (Queens College)/2023/Dyad/230418_Dyad11/Yellow/A2D/Videos/GX060550.MP4	707.707;707.707;707.707;707.707;707.707;707.707	59.940;59.940;59.940;59.940;59.940;59.940	Dominant	Foraging	Other	START	2241.856	C:/Users/Queens College/Dropbox (Queens College)/2023/Dyad/230418_Dyad11/Yellow/A2D/Videos/GX040550.MP4	7119	NA	
Dyad 11 A2D (Foraging Only) ST	2024-03-17 11:38:12		3082.362	Media file(s)	player #1:C:/Users/Queens College/Dropbox (Queens College)/2023/Dyad/230418_Dyad11/Yellow/A2D/Videos/GX010550.MP4;C:/Users/Queens College/Dropbox (Queens College)/2023/Dyad/230418_Dyad11/Yellow/A2D/Videos/GX020550.MP4;C:/Users/Queens College/Dropbox (Queens College)/2023/Dyad/230418_Dyad11/Yellow/A2D/Videos/GX030550.MP4;C:/Users/Queens College/Dropbox (Queens College)/2023/Dyad/230418_Dyad11/Yellow/A2D/Videos/GX040550.MP4;C:/Users/Queens College/Dropbox (Queens College)/2023/Dyad/230418_Dyad11/Yellow/A2D/Videos/GX050550.MP4;C:/Users/Queens College/Dropbox (Queens College)/2023/Dyad/230418_Dyad11/Yellow/A2D/Videos/GX060550.MP4	707.707;707.707;707.707;707.707;707.707;707.707	59.940;59.940;59.940;59.940;59.940;59.940	Dominant	Foraging	Other	STOP	2260.542	C:/Users/Queens College/Dropbox (Queens College)/2023/Dyad/230418_Dyad11/Yellow/A2D/Videos/GX040550.MP4	8237	NA	
Dyad 11 A2D (Foraging Only) ST	2024-03-17 11:38:12		3082.362	Media file(s)	player #1:C:/Users/Queens College/Dropbox (Queens College)/2023/Dyad/230418_Dyad11/Yellow/A2D/Videos/GX010550.MP4;C:/Users/Queens College/Dropbox (Queens College)/2023/Dyad/230418_Dyad11/Yellow/A2D/Videos/GX020550.MP4;C:/Users/Queens College/Dropbox (Queens College)/2023/Dyad/230418_Dyad11/Yellow/A2D/Videos/GX030550.MP4;C:/Users/Queens College/Dropbox (Queens College)/2023/Dyad/230418_Dyad11/Yellow/A2D/Videos/GX040550.MP4;C:/Users/Queens College/Dropbox (Queens College)/2023/Dyad/230418_Dyad11/Yellow/A2D/Videos/GX050550.MP4;C:/Users/Queens College/Dropbox (Queens College)/2023/Dyad/230418_Dyad11/Yellow/A2D/Videos/GX060550.MP4	707.707;707.707;707.707;707.707;707.707;707.707	59.940;59.940;59.940;59.940;59.940;59.940	Dominant	Foraging	Other	START	2355.053	C:/Users/Queens College/Dropbox (Queens College)/2023/Dyad/230418_Dyad11/Yellow/A2D/Videos/GX040550.MP4	13902	NA	
Dyad 11 A2D (Foraging Only) ST	2024-03-17 11:38:12		3082.362	Media file(s)	player #1:C:/Users/Queens College/Dropbox (Queens College)/2023/Dyad/230418_Dyad11/Yellow/A2D/Videos/GX010550.MP4;C:/Users/Queens College/Dropbox (Queens College)/2023/Dyad/230418_Dyad11/Yellow/A2D/Videos/GX020550.MP4;C:/Users/Queens College/Dropbox (Queens College)/2023/Dyad/230418_Dyad11/Yellow/A2D/Videos/GX030550.MP4;C:/Users/Queens College/Dropbox (Queens College)/2023/Dyad/230418_Dyad11/Yellow/A2D/Videos/GX040550.MP4;C:/Users/Queens College/Dropbox (Queens College)/2023/Dyad/230418_Dyad11/Yellow/A2D/Videos/GX050550.MP4;C:/Users/Queens College/Dropbox (Queens College)/2023/Dyad/230418_Dyad11/Yellow/A2D/Videos/GX060550.MP4	707.707;707.707;707.707;707.707;707.707;707.707	59.940;59.940;59.940;59.940;59.940;59.940	Dominant	Foraging	Other	STOP	2365.029	C:/Users/Queens College/Dropbox (Queens College)/2023/Dyad/230418_Dyad11/Yellow/A2D/Videos/GX040550.MP4	14500	NA	
Dyad 11 A2D (Foraging Only) ST	2024-03-17 11:38:12		3082.362	Media file(s)	player #1:C:/Users/Queens College/Dropbox (Queens College)/2023/Dyad/230418_Dyad11/Yellow/A2D/Videos/GX010550.MP4;C:/Users/Queens College/Dropbox (Queens College)/2023/Dyad/230418_Dyad11/Yellow/A2D/Videos/GX020550.MP4;C:/Users/Queens College/Dropbox (Queens College)/2023/Dyad/230418_Dyad11/Yellow/A2D/Videos/GX030550.MP4;C:/Users/Queens College/Dropbox (Queens College)/2023/Dyad/230418_Dyad11/Yellow/A2D/Videos/GX040550.MP4;C:/Users/Queens College/Dropbox (Queens College)/2023/Dyad/230418_Dyad11/Yellow/A2D/Videos/GX050550.MP4;C:/Users/Queens College/Dropbox (Queens College)/2023/Dyad/230418_Dyad11/Yellow/A2D/Videos/GX060550.MP4	707.707;707.707;707.707;707.707;707.707;707.707	59.940;59.940;59.940;59.940;59.940;59.940	Dominant	Foraging	Other	START	2373.238	C:/Users/Queens College/Dropbox (Queens College)/2023/Dyad/230418_Dyad11/Yellow/A2D/Videos/GX040550.MP4	14993	NA	
Dyad 11 A2D (Foraging Only) ST	2024-03-17 11:38:12		3082.362	Media file(s)	player #1:C:/Users/Queens College/Dropbox (Queens College)/2023/Dyad/230418_Dyad11/Yellow/A2D/Videos/GX010550.MP4;C:/Users/Queens College/Dropbox (Queens College)/2023/Dyad/230418_Dyad11/Yellow/A2D/Videos/GX020550.MP4;C:/Users/Queens College/Dropbox (Queens College)/2023/Dyad/230418_Dyad11/Yellow/A2D/Videos/GX030550.MP4;C:/Users/Queens College/Dropbox (Queens College)/2023/Dyad/230418_Dyad11/Yellow/A2D/Videos/GX040550.MP4;C:/Users/Queens College/Dropbox (Queens College)/2023/Dyad/230418_Dyad11/Yellow/A2D/Videos/GX050550.MP4;C:/Users/Queens College/Dropbox (Queens College)/2023/Dyad/230418_Dyad11/Yellow/A2D/Videos/GX060550.MP4	707.707;707.707;707.707;707.707;707.707;707.707	59.940;59.940;59.940;59.940;59.940;59.940	Dominant	Foraging	Other	STOP	2398.896	C:/Users/Queens College/Dropbox (Queens College)/2023/Dyad/230418_Dyad11/Yellow/A2D/Videos/GX040550.MP4	16531	NA	
Dyad 11 A2D (Foraging Only) ST	2024-03-17 11:38:12		3082.362	Media file(s)	player #1:C:/Users/Queens College/Dropbox (Queens College)/2023/Dyad/230418_Dyad11/Yellow/A2D/Videos/GX010550.MP4;C:/Users/Queens College/Dropbox (Queens College)/2023/Dyad/230418_Dyad11/Yellow/A2D/Videos/GX020550.MP4;C:/Users/Queens College/Dropbox (Queens College)/2023/Dyad/230418_Dyad11/Yellow/A2D/Videos/GX030550.MP4;C:/Users/Queens College/Dropbox (Queens College)/2023/Dyad/230418_Dyad11/Yellow/A2D/Videos/GX040550.MP4;C:/Users/Queens College/Dropbox (Queens College)/2023/Dyad/230418_Dyad11/Yellow/A2D/Videos/GX050550.MP4;C:/Users/Queens College/Dropbox (Queens College)/2023/Dyad/230418_Dyad11/Yellow/A2D/Videos/GX060550.MP4	707.707;707.707;707.707;707.707;707.707;707.707	59.940;59.940;59.940;59.940;59.940;59.940	Dominant	Foraging	Other	START	2454.252	C:/Users/Queens College/Dropbox (Queens College)/2023/Dyad/230418_Dyad11/Yellow/A2D/Videos/GX040550.MP4	19848	NA	
Dyad 11 A2D (Foraging Only) ST	2024-03-17 11:38:12		3082.362	Media file(s)	player #1:C:/Users/Queens College/Dropbox (Queens College)/2023/Dyad/230418_Dyad11/Yellow/A2D/Videos/GX010550.MP4;C:/Users/Queens College/Dropbox (Queens College)/2023/Dyad/230418_Dyad11/Yellow/A2D/Videos/GX020550.MP4;C:/Users/Queens College/Dropbox (Queens College)/2023/Dyad/230418_Dyad11/Yellow/A2D/Videos/GX030550.MP4;C:/Users/Queens College/Dropbox (Queens College)/2023/Dyad/230418_Dyad11/Yellow/A2D/Videos/GX040550.MP4;C:/Users/Queens College/Dropbox (Queens College)/2023/Dyad/230418_Dyad11/Yellow/A2D/Videos/GX050550.MP4;C:/Users/Queens College/Dropbox (Queens College)/2023/Dyad/230418_Dyad11/Yellow/A2D/Videos/GX060550.MP4	707.707;707.707;707.707;707.707;707.707;707.707	59.940;59.940;59.940;59.940;59.940;59.940	Dominant	Foraging	Other	STOP	2469.684	C:/Users/Queens College/Dropbox (Queens College)/2023/Dyad/230418_Dyad11/Yellow/A2D/Videos/GX040550.MP4	20773	NA	
Dyad 11 A2D (Foraging Only) ST	2024-03-17 11:38:12		3082.362	Media file(s)	player #1:C:/Users/Queens College/Dropbox (Queens College)/2023/Dyad/230418_Dyad11/Yellow/A2D/Videos/GX010550.MP4;C:/Users/Queens College/Dropbox (Queens College)/2023/Dyad/230418_Dyad11/Yellow/A2D/Videos/GX020550.MP4;C:/Users/Queens College/Dropbox (Queens College)/2023/Dyad/230418_Dyad11/Yellow/A2D/Videos/GX030550.MP4;C:/Users/Queens College/Dropbox (Queens College)/2023/Dyad/230418_Dyad11/Yellow/A2D/Videos/GX040550.MP4;C:/Users/Queens College/Dropbox (Queens College)/2023/Dyad/230418_Dyad11/Yellow/A2D/Videos/GX050550.MP4;C:/Users/Queens College/Dropbox (Queens College)/2023/Dyad/230418_Dyad11/Yellow/A2D/Videos/GX060550.MP4	707.707;707.707;707.707;707.707;707.707;707.707	59.940;59.940;59.940;59.940;59.940;59.940	Dominant	Foraging	Other	START	2559.223	C:/Users/Queens College/Dropbox (Queens College)/2023/Dyad/230418_Dyad11/Yellow/A2D/Videos/GX040550.MP4	26140	NA	
Dyad 11 A2D (Foraging Only) ST	2024-03-17 11:38:12		3082.362	Media file(s)	player #1:C:/Users/Queens College/Dropbox (Queens College)/2023/Dyad/230418_Dyad11/Yellow/A2D/Videos/GX010550.MP4;C:/Users/Queens College/Dropbox (Queens College)/2023/Dyad/230418_Dyad11/Yellow/A2D/Videos/GX020550.MP4;C:/Users/Queens College/Dropbox (Queens College)/2023/Dyad/230418_Dyad11/Yellow/A2D/Videos/GX030550.MP4;C:/Users/Queens College/Dropbox (Queens College)/2023/Dyad/230418_Dyad11/Yellow/A2D/Videos/GX040550.MP4;C:/Users/Queens College/Dropbox (Queens College)/2023/Dyad/230418_Dyad11/Yellow/A2D/Videos/GX050550.MP4;C:/Users/Queens College/Dropbox (Queens College)/2023/Dyad/230418_Dyad11/Yellow/A2D/Videos/GX060550.MP4	707.707;707.707;707.707;707.707;707.707;707.707	59.940;59.940;59.940;59.940;59.940;59.940	Dominant	Foraging	Other	STOP	2576.124	C:/Users/Queens College/Dropbox (Queens College)/2023/Dyad/230418_Dyad11/Yellow/A2D/Videos/GX040550.MP4	27155	NA	
Dyad 11 A2D (Foraging Only) ST	2024-03-17 11:38:12		3082.362	Media file(s)	player #1:C:/Users/Queens College/Dropbox (Queens College)/2023/Dyad/230418_Dyad11/Yellow/A2D/Videos/GX010550.MP4;C:/Users/Queens College/Dropbox (Queens College)/2023/Dyad/230418_Dyad11/Yellow/A2D/Videos/GX020550.MP4;C:/Users/Queens College/Dropbox (Queens College)/2023/Dyad/230418_Dyad11/Yellow/A2D/Videos/GX030550.MP4;C:/Users/Queens College/Dropbox (Queens College)/2023/Dyad/230418_Dyad11/Yellow/A2D/Videos/GX040550.MP4;C:/Users/Queens College/Dropbox (Queens College)/2023/Dyad/230418_Dyad11/Yellow/A2D/Videos/GX050550.MP4;C:/Users/Queens College/Dropbox (Queens College)/2023/Dyad/230418_Dyad11/Yellow/A2D/Videos/GX060550.MP4	707.707;707.707;707.707;707.707;707.707;707.707	59.940;59.940;59.940;59.940;59.940;59.940	Dominant	Foraging	Other	START	2607.421	C:/Users/Queens College/Dropbox (Queens College)/2023/Dyad/230418_Dyad11/Yellow/A2D/Videos/GX040550.MP4	29029	NA	
Dyad 11 A2D (Foraging Only) ST	2024-03-17 11:38:12		3082.362	Media file(s)	player #1:C:/Users/Queens College/Dropbox (Queens College)/2023/Dyad/230418_Dyad11/Yellow/A2D/Videos/GX010550.MP4;C:/Users/Queens College/Dropbox (Queens College)/2023/Dyad/230418_Dyad11/Yellow/A2D/Videos/GX020550.MP4;C:/Users/Queens College/Dropbox (Queens College)/2023/Dyad/230418_Dyad11/Yellow/A2D/Videos/GX030550.MP4;C:/Users/Queens College/Dropbox (Queens College)/2023/Dyad/230418_Dyad11/Yellow/A2D/Videos/GX040550.MP4;C:/Users/Queens College/Dropbox (Queens College)/2023/Dyad/230418_Dyad11/Yellow/A2D/Videos/GX050550.MP4;C:/Users/Queens College/Dropbox (Queens College)/2023/Dyad/230418_Dyad11/Yellow/A2D/Videos/GX060550.MP4	707.707;707.707;707.707;707.707;707.707;707.707	59.940;59.940;59.940;59.940;59.940;59.940	Dominant	Foraging	Other	STOP	2663.878	C:/Users/Queens College/Dropbox (Queens College)/2023/Dyad/230418_Dyad11/Yellow/A2D/Videos/GX040550.MP4	32413	NA	
Dyad 11 A2D (Foraging Only) ST	2024-03-17 11:38:12		3082.362	Media file(s)	player #1:C:/Users/Queens College/Dropbox (Queens College)/2023/Dyad/230418_Dyad11/Yellow/A2D/Videos/GX010550.MP4;C:/Users/Queens College/Dropbox (Queens College)/2023/Dyad/230418_Dyad11/Yellow/A2D/Videos/GX020550.MP4;C:/Users/Queens College/Dropbox (Queens College)/2023/Dyad/230418_Dyad11/Yellow/A2D/Videos/GX030550.MP4;C:/Users/Queens College/Dropbox (Queens College)/2023/Dyad/230418_Dyad11/Yellow/A2D/Videos/GX040550.MP4;C:/Users/Queens College/Dropbox (Queens College)/2023/Dyad/230418_Dyad11/Yellow/A2D/Videos/GX050550.MP4;C:/Users/Queens College/Dropbox (Queens College)/2023/Dyad/230418_Dyad11/Yellow/A2D/Videos/GX060550.MP4	707.707;707.707;707.707;707.707;707.707;707.707	59.940;59.940;59.940;59.940;59.940;59.940	Dominant	Foraging	Other	START	2686.050	C:/Users/Queens College/Dropbox (Queens College)/2023/Dyad/230418_Dyad11/Yellow/A2D/Videos/GX040550.MP4	33745	NA	
Dyad 11 A2D (Foraging Only) ST	2024-03-17 11:38:12		3082.362	Media file(s)	player #1:C:/Users/Queens College/Dropbox (Queens College)/2023/Dyad/230418_Dyad11/Yellow/A2D/Videos/GX010550.MP4;C:/Users/Queens College/Dropbox (Queens College)/2023/Dyad/230418_Dyad11/Yellow/A2D/Videos/GX020550.MP4;C:/Users/Queens College/Dropbox (Queens College)/2023/Dyad/230418_Dyad11/Yellow/A2D/Videos/GX030550.MP4;C:/Users/Queens College/Dropbox (Queens College)/2023/Dyad/230418_Dyad11/Yellow/A2D/Videos/GX040550.MP4;C:/Users/Queens College/Dropbox (Queens College)/2023/Dyad/230418_Dyad11/Yellow/A2D/Videos/GX050550.MP4;C:/Users/Queens College/Dropbox (Queens College)/2023/Dyad/230418_Dyad11/Yellow/A2D/Videos/GX060550.MP4	707.707;707.707;707.707;707.707;707.707;707.707	59.940;59.940;59.940;59.940;59.940;59.940	Dominant	Foraging	Other	STOP	2711.525	C:/Users/Queens College/Dropbox (Queens College)/2023/Dyad/230418_Dyad11/Yellow/A2D/Videos/GX040550.MP4	35269	NA	
Dyad 11 A2D (Foraging Only) ST	2024-03-17 11:38:12		3082.362	Media file(s)	player #1:C:/Users/Queens College/Dropbox (Queens College)/2023/Dyad/230418_Dyad11/Yellow/A2D/Videos/GX010550.MP4;C:/Users/Queens College/Dropbox (Queens College)/2023/Dyad/230418_Dyad11/Yellow/A2D/Videos/GX020550.MP4;C:/Users/Queens College/Dropbox (Queens College)/2023/Dyad/230418_Dyad11/Yellow/A2D/Videos/GX030550.MP4;C:/Users/Queens College/Dropbox (Queens College)/2023/Dyad/230418_Dyad11/Yellow/A2D/Videos/GX040550.MP4;C:/Users/Queens College/Dropbox (Queens College)/2023/Dyad/230418_Dyad11/Yellow/A2D/Videos/GX050550.MP4;C:/Users/Queens College/Dropbox (Queens College)/2023/Dyad/230418_Dyad11/Yellow/A2D/Videos/GX060550.MP4	707.707;707.707;707.707;707.707;707.707;707.707	59.940;59.940;59.940;59.940;59.940;59.940	Dominant	Foraging	Other	START	2772.703	C:/Users/Queens College/Dropbox (Queens College)/2023/Dyad/230418_Dyad11/Yellow/A2D/Videos/GX040550.MP4	38936	NA	
Dyad 11 A2D (Foraging Only) ST	2024-03-17 11:38:12		3082.362	Media file(s)	player #1:C:/Users/Queens College/Dropbox (Queens College)/2023/Dyad/230418_Dyad11/Yellow/A2D/Videos/GX010550.MP4;C:/Users/Queens College/Dropbox (Queens College)/2023/Dyad/230418_Dyad11/Yellow/A2D/Videos/GX020550.MP4;C:/Users/Queens College/Dropbox (Queens College)/2023/Dyad/230418_Dyad11/Yellow/A2D/Videos/GX030550.MP4;C:/Users/Queens College/Dropbox (Queens College)/2023/Dyad/230418_Dyad11/Yellow/A2D/Videos/GX040550.MP4;C:/Users/Queens College/Dropbox (Queens College)/2023/Dyad/230418_Dyad11/Yellow/A2D/Videos/GX050550.MP4;C:/Users/Queens College/Dropbox (Queens College)/2023/Dyad/230418_Dyad11/Yellow/A2D/Videos/GX060550.MP4	707.707;707.707;707.707;707.707;707.707;707.707	59.940;59.940;59.940;59.940;59.940;59.940	Dominant	Foraging	Other	STOP	2830.878	C:/Users/Queens College/Dropbox (Queens College)/2023/Dyad/230418_Dyad11/Yellow/A2D/Videos/GX050550.MP4	3	NA	
Dyad 11 A2D (Foraging Only) ST	2024-03-17 11:38:12		3082.362	Media file(s)	player #1:C:/Users/Queens College/Dropbox (Queens College)/2023/Dyad/230418_Dyad11/Yellow/A2D/Videos/GX010550.MP4;C:/Users/Queens College/Dropbox (Queens College)/2023/Dyad/230418_Dyad11/Yellow/A2D/Videos/GX020550.MP4;C:/Users/Queens College/Dropbox (Queens College)/2023/Dyad/230418_Dyad11/Yellow/A2D/Videos/GX030550.MP4;C:/Users/Queens College/Dropbox (Queens College)/2023/Dyad/230418_Dyad11/Yellow/A2D/Videos/GX040550.MP4;C:/Users/Queens College/Dropbox (Queens College)/2023/Dyad/230418_Dyad11/Yellow/A2D/Videos/GX050550.MP4;C:/Users/Queens College/Dropbox (Queens College)/2023/Dyad/230418_Dyad11/Yellow/A2D/Videos/GX060550.MP4	707.707;707.707;707.707;707.707;707.707;707.707	59.940;59.940;59.940;59.940;59.940;59.940	Dominant	Foraging	Other	START	2838.185	C:/Users/Queens College/Dropbox (Queens College)/2023/Dyad/230418_Dyad11/Yellow/A2D/Videos/GX050550.MP4	441	NA	
Dyad 11 A2D (Foraging Only) ST	2024-03-17 11:38:12		3082.362	Media file(s)	player #1:C:/Users/Queens College/Dropbox (Queens College)/2023/Dyad/230418_Dyad11/Yellow/A2D/Videos/GX010550.MP4;C:/Users/Queens College/Dropbox (Queens College)/2023/Dyad/230418_Dyad11/Yellow/A2D/Videos/GX020550.MP4;C:/Users/Queens College/Dropbox (Queens College)/2023/Dyad/230418_Dyad11/Yellow/A2D/Videos/GX030550.MP4;C:/Users/Queens College/Dropbox (Queens College)/2023/Dyad/230418_Dyad11/Yellow/A2D/Videos/GX040550.MP4;C:/Users/Queens College/Dropbox (Queens College)/2023/Dyad/230418_Dyad11/Yellow/A2D/Videos/GX050550.MP4;C:/Users/Queens College/Dropbox (Queens College)/2023/Dyad/230418_Dyad11/Yellow/A2D/Videos/GX060550.MP4	707.707;707.707;707.707;707.707;707.707;707.707	59.940;59.940;59.940;59.940;59.940;59.940	Dominant	Foraging	Other	STOP	2897.895	C:/Users/Queens College/Dropbox (Queens College)/2023/Dyad/230418_Dyad11/Yellow/A2D/Videos/GX050550.MP4	4020	NA	
Dyad 11 A2D (Foraging Only) ST	2024-03-17 11:38:12		3082.362	Media file(s)	player #1:C:/Users/Queens College/Dropbox (Queens College)/2023/Dyad/230418_Dyad11/Yellow/A2D/Videos/GX010550.MP4;C:/Users/Queens College/Dropbox (Queens College)/2023/Dyad/230418_Dyad11/Yellow/A2D/Videos/GX020550.MP4;C:/Users/Queens College/Dropbox (Queens College)/2023/Dyad/230418_Dyad11/Yellow/A2D/Videos/GX030550.MP4;C:/Users/Queens College/Dropbox (Queens College)/2023/Dyad/230418_Dyad11/Yellow/A2D/Videos/GX040550.MP4;C:/Users/Queens College/Dropbox (Queens College)/2023/Dyad/230418_Dyad11/Yellow/A2D/Videos/GX050550.MP4;C:/Users/Queens College/Dropbox (Queens College)/2023/Dyad/230418_Dyad11/Yellow/A2D/Videos/GX060550.MP4	707.707;707.707;707.707;707.707;707.707;707.707	59.940;59.940;59.940;59.940;59.940;59.940	Dominant	Foraging	Other	START	2922.086	C:/Users/Queens College/Dropbox (Queens College)/2023/Dyad/230418_Dyad11/Yellow/A2D/Videos/GX050550.MP4	5470	NA	
Dyad 11 A2D (Foraging Only) ST	2024-03-17 11:38:12		3082.362	Media file(s)	player #1:C:/Users/Queens College/Dropbox (Queens College)/2023/Dyad/230418_Dyad11/Yellow/A2D/Videos/GX010550.MP4;C:/Users/Queens College/Dropbox (Queens College)/2023/Dyad/230418_Dyad11/Yellow/A2D/Videos/GX020550.MP4;C:/Users/Queens College/Dropbox (Queens College)/2023/Dyad/230418_Dyad11/Yellow/A2D/Videos/GX030550.MP4;C:/Users/Queens College/Dropbox (Queens College)/2023/Dyad/230418_Dyad11/Yellow/A2D/Videos/GX040550.MP4;C:/Users/Queens College/Dropbox (Queens College)/2023/Dyad/230418_Dyad11/Yellow/A2D/Videos/GX050550.MP4;C:/Users/Queens College/Dropbox (Queens College)/2023/Dyad/230418_Dyad11/Yellow/A2D/Videos/GX060550.MP4	707.707;707.707;707.707;707.707;707.707;707.707	59.940;59.940;59.940;59.940;59.940;59.940	Dominant	Foraging	Other	STOP	3000.014	C:/Users/Queens College/Dropbox (Queens College)/2023/Dyad/230418_Dyad11/Yellow/A2D/Videos/GX050550.MP4	10141	NA	
Dyad 11 A2D (Foraging Only) ST	2024-03-17 11:38:12		3082.362	Media file(s)	player #1:C:/Users/Queens College/Dropbox (Queens College)/2023/Dyad/230418_Dyad11/Yellow/A2D/Videos/GX010550.MP4;C:/Users/Queens College/Dropbox (Queens College)/2023/Dyad/230418_Dyad11/Yellow/A2D/Videos/GX020550.MP4;C:/Users/Queens College/Dropbox (Queens College)/2023/Dyad/230418_Dyad11/Yellow/A2D/Videos/GX030550.MP4;C:/Users/Queens College/Dropbox (Queens College)/2023/Dyad/230418_Dyad11/Yellow/A2D/Videos/GX040550.MP4;C:/Users/Queens College/Dropbox (Queens College)/2023/Dyad/230418_Dyad11/Yellow/A2D/Videos/GX050550.MP4;C:/Users/Queens College/Dropbox (Queens College)/2023/Dyad/230418_Dyad11/Yellow/A2D/Videos/GX060550.MP4	707.707;707.707;707.707;707.707;707.707;707.707	59.940;59.940;59.940;59.940;59.940;59.940	Dominant	Foraging	Other	START	3040.120	C:/Users/Queens College/Dropbox (Queens College)/2023/Dyad/230418_Dyad11/Yellow/A2D/Videos/GX050550.MP4	12545	NA	
Dyad 11 A2D (Foraging Only) ST	2024-03-17 11:38:12		3082.362	Media file(s)	player #1:C:/Users/Queens College/Dropbox (Queens College)/2023/Dyad/230418_Dyad11/Yellow/A2D/Videos/GX010550.MP4;C:/Users/Queens College/Dropbox (Queens College)/2023/Dyad/230418_Dyad11/Yellow/A2D/Videos/GX020550.MP4;C:/Users/Queens College/Dropbox (Queens College)/2023/Dyad/230418_Dyad11/Yellow/A2D/Videos/GX030550.MP4;C:/Users/Queens College/Dropbox (Queens College)/2023/Dyad/230418_Dyad11/Yellow/A2D/Videos/GX040550.MP4;C:/Users/Queens College/Dropbox (Queens College)/2023/Dyad/230418_Dyad11/Yellow/A2D/Videos/GX050550.MP4;C:/Users/Queens College/Dropbox (Queens College)/2023/Dyad/230418_Dyad11/Yellow/A2D/Videos/GX060550.MP4	707.707;707.707;707.707;707.707;707.707;707.707	59.940;59.940;59.940;59.940;59.940;59.940	Dominant	Foraging	Other	STOP	3075.623	C:/Users/Queens College/Dropbox (Queens College)/2023/Dyad/230418_Dyad11/Yellow/A2D/Videos/GX050550.MP4	14673	NA	
Dyad 11 A2D (Foraging Only) ST	2024-03-17 11:38:12		3082.362	Media file(s)	player #1:C:/Users/Queens College/Dropbox (Queens College)/2023/Dyad/230418_Dyad11/Yellow/A2D/Videos/GX010550.MP4;C:/Users/Queens College/Dropbox (Queens College)/2023/Dyad/230418_Dyad11/Yellow/A2D/Videos/GX020550.MP4;C:/Users/Queens College/Dropbox (Queens College)/2023/Dyad/230418_Dyad11/Yellow/A2D/Videos/GX030550.MP4;C:/Users/Queens College/Dropbox (Queens College)/2023/Dyad/230418_Dyad11/Yellow/A2D/Videos/GX040550.MP4;C:/Users/Queens College/Dropbox (Queens College)/2023/Dyad/230418_Dyad11/Yellow/A2D/Videos/GX050550.MP4;C:/Users/Queens College/Dropbox (Queens College)/2023/Dyad/230418_Dyad11/Yellow/A2D/Videos/GX060550.MP4	707.707;707.707;707.707;707.707;707.707;707.707	59.940;59.940;59.940;59.940;59.940;59.940	Dominant	Foraging	Other	START	3089.803	C:/Users/Queens College/Dropbox (Queens College)/2023/Dyad/230418_Dyad11/Yellow/A2D/Videos/GX050550.MP4	15524	NA	
Dyad 11 A2D (Foraging Only) ST	2024-03-17 11:38:12		3082.362	Media file(s)	player #1:C:/Users/Queens College/Dropbox (Queens College)/2023/Dyad/230418_Dyad11/Yellow/A2D/Videos/GX010550.MP4;C:/Users/Queens College/Dropbox (Queens College)/2023/Dyad/230418_Dyad11/Yellow/A2D/Videos/GX020550.MP4;C:/Users/Queens College/Dropbox (Queens College)/2023/Dyad/230418_Dyad11/Yellow/A2D/Videos/GX030550.MP4;C:/Users/Queens College/Dropbox (Queens College)/2023/Dyad/230418_Dyad11/Yellow/A2D/Videos/GX040550.MP4;C:/Users/Queens College/Dropbox (Queens College)/2023/Dyad/230418_Dyad11/Yellow/A2D/Videos/GX050550.MP4;C:/Users/Queens College/Dropbox (Queens College)/2023/Dyad/230418_Dyad11/Yellow/A2D/Videos/GX060550.MP4	707.707;707.707;707.707;707.707;707.707;707.707	59.940;59.940;59.940;59.940;59.940;59.940	Dominant	Foraging	Other	STOP	3128.309	C:/Users/Queens College/Dropbox (Queens College)/2023/Dyad/230418_Dyad11/Yellow/A2D/Videos/GX050550.MP4	17831	NA	
Dyad 11 A2D (Foraging Only) ST	2024-03-17 11:38:12		3082.362	Media file(s)	player #1:C:/Users/Queens College/Dropbox (Queens College)/2023/Dyad/230418_Dyad11/Yellow/A2D/Videos/GX010550.MP4;C:/Users/Queens College/Dropbox (Queens College)/2023/Dyad/230418_Dyad11/Yellow/A2D/Videos/GX020550.MP4;C:/Users/Queens College/Dropbox (Queens College)/2023/Dyad/230418_Dyad11/Yellow/A2D/Videos/GX030550.MP4;C:/Users/Queens College/Dropbox (Queens College)/2023/Dyad/230418_Dyad11/Yellow/A2D/Videos/GX040550.MP4;C:/Users/Queens College/Dropbox (Queens College)/2023/Dyad/230418_Dyad11/Yellow/A2D/Videos/GX050550.MP4;C:/Users/Queens College/Dropbox (Queens College)/2023/Dyad/230418_Dyad11/Yellow/A2D/Videos/GX060550.MP4	707.707;707.707;707.707;707.707;707.707;707.707	59.940;59.940;59.940;59.940;59.940;59.940	Dominant	Foraging	Other	START	3172.786	C:/Users/Queens College/Dropbox (Queens College)/2023/Dyad/230418_Dyad11/Yellow/A2D/Videos/GX050550.MP4	20497	NA	
Dyad 11 A2D (Foraging Only) ST	2024-03-17 11:38:12		3082.362	Media file(s)	player #1:C:/Users/Queens College/Dropbox (Queens College)/2023/Dyad/230418_Dyad11/Yellow/A2D/Videos/GX010550.MP4;C:/Users/Queens College/Dropbox (Queens College)/2023/Dyad/230418_Dyad11/Yellow/A2D/Videos/GX020550.MP4;C:/Users/Queens College/Dropbox (Queens College)/2023/Dyad/230418_Dyad11/Yellow/A2D/Videos/GX030550.MP4;C:/Users/Queens College/Dropbox (Queens College)/2023/Dyad/230418_Dyad11/Yellow/A2D/Videos/GX040550.MP4;C:/Users/Queens College/Dropbox (Queens College)/2023/Dyad/230418_Dyad11/Yellow/A2D/Videos/GX050550.MP4;C:/Users/Queens College/Dropbox (Queens College)/2023/Dyad/230418_Dyad11/Yellow/A2D/Videos/GX060550.MP4	707.707;707.707;707.707;707.707;707.707;707.707	59.940;59.940;59.940;59.940;59.940;59.940	Dominant	Foraging	Other	STOP	3194.324	C:/Users/Queens College/Dropbox (Queens College)/2023/Dyad/230418_Dyad11/Yellow/A2D/Videos/GX050550.MP4	21788	NA	
Dyad 11 A2D (Foraging Only) ST	2024-03-17 11:38:12		3082.362	Media file(s)	player #1:C:/Users/Queens College/Dropbox (Queens College)/2023/Dyad/230418_Dyad11/Yellow/A2D/Videos/GX010550.MP4;C:/Users/Queens College/Dropbox (Queens College)/2023/Dyad/230418_Dyad11/Yellow/A2D/Videos/GX020550.MP4;C:/Users/Queens College/Dropbox (Queens College)/2023/Dyad/230418_Dyad11/Yellow/A2D/Videos/GX030550.MP4;C:/Users/Queens College/Dropbox (Queens College)/2023/Dyad/230418_Dyad11/Yellow/A2D/Videos/GX040550.MP4;C:/Users/Queens College/Dropbox (Queens College)/2023/Dyad/230418_Dyad11/Yellow/A2D/Videos/GX050550.MP4;C:/Users/Queens College/Dropbox (Queens College)/2023/Dyad/230418_Dyad11/Yellow/A2D/Videos/GX060550.MP4	707.707;707.707;707.707;707.707;707.707;707.707	59.940;59.940;59.940;59.940;59.940;59.940	Dominant	Foraging	Other	START	3238.635	C:/Users/Queens College/Dropbox (Queens College)/2023/Dyad/230418_Dyad11/Yellow/A2D/Videos/GX050550.MP4	24444	NA	
Dyad 11 A2D (Foraging Only) ST	2024-03-17 11:38:12		3082.362	Media file(s)	player #1:C:/Users/Queens College/Dropbox (Queens College)/2023/Dyad/230418_Dyad11/Yellow/A2D/Videos/GX010550.MP4;C:/Users/Queens College/Dropbox (Queens College)/2023/Dyad/230418_Dyad11/Yellow/A2D/Videos/GX020550.MP4;C:/Users/Queens College/Dropbox (Queens College)/2023/Dyad/230418_Dyad11/Yellow/A2D/Videos/GX030550.MP4;C:/Users/Queens College/Dropbox (Queens College)/2023/Dyad/230418_Dyad11/Yellow/A2D/Videos/GX040550.MP4;C:/Users/Queens College/Dropbox (Queens College)/2023/Dyad/230418_Dyad11/Yellow/A2D/Videos/GX050550.MP4;C:/Users/Queens College/Dropbox (Queens College)/2023/Dyad/230418_Dyad11/Yellow/A2D/Videos/GX060550.MP4	707.707;707.707;707.707;707.707;707.707;707.707	59.940;59.940;59.940;59.940;59.940;59.940	Dominant	Foraging	Other	STOP	3250.731	C:/Users/Queens College/Dropbox (Queens College)/2023/Dyad/230418_Dyad11/Yellow/A2D/Videos/GX050550.MP4	25169	NA	
Dyad 11 A2D (Foraging Only) ST	2024-03-17 11:38:12		3082.362	Media file(s)	player #1:C:/Users/Queens College/Dropbox (Queens College)/2023/Dyad/230418_Dyad11/Yellow/A2D/Videos/GX010550.MP4;C:/Users/Queens College/Dropbox (Queens College)/2023/Dyad/230418_Dyad11/Yellow/A2D/Videos/GX020550.MP4;C:/Users/Queens College/Dropbox (Queens College)/2023/Dyad/230418_Dyad11/Yellow/A2D/Videos/GX030550.MP4;C:/Users/Queens College/Dropbox (Queens College)/2023/Dyad/230418_Dyad11/Yellow/A2D/Videos/GX040550.MP4;C:/Users/Queens College/Dropbox (Queens College)/2023/Dyad/230418_Dyad11/Yellow/A2D/Videos/GX050550.MP4;C:/Users/Queens College/Dropbox (Queens College)/2023/Dyad/230418_Dyad11/Yellow/A2D/Videos/GX060550.MP4	707.707;707.707;707.707;707.707;707.707;707.707	59.940;59.940;59.940;59.940;59.940;59.940	Dominant	Foraging	Other	START	3300.981	C:/Users/Queens College/Dropbox (Queens College)/2023/Dyad/230418_Dyad11/Yellow/A2D/Videos/GX050550.MP4	28181	NA	
Dyad 11 A2D (Foraging Only) ST	2024-03-17 11:38:12		3082.362	Media file(s)	player #1:C:/Users/Queens College/Dropbox (Queens College)/2023/Dyad/230418_Dyad11/Yellow/A2D/Videos/GX010550.MP4;C:/Users/Queens College/Dropbox (Queens College)/2023/Dyad/230418_Dyad11/Yellow/A2D/Videos/GX020550.MP4;C:/Users/Queens College/Dropbox (Queens College)/2023/Dyad/230418_Dyad11/Yellow/A2D/Videos/GX030550.MP4;C:/Users/Queens College/Dropbox (Queens College)/2023/Dyad/230418_Dyad11/Yellow/A2D/Videos/GX040550.MP4;C:/Users/Queens College/Dropbox (Queens College)/2023/Dyad/230418_Dyad11/Yellow/A2D/Videos/GX050550.MP4;C:/Users/Queens College/Dropbox (Queens College)/2023/Dyad/230418_Dyad11/Yellow/A2D/Videos/GX060550.MP4	707.707;707.707;707.707;707.707;707.707;707.707	59.940;59.940;59.940;59.940;59.940;59.940	Dominant	Foraging	Other	STOP	3320.167	C:/Users/Queens College/Dropbox (Queens College)/2023/Dyad/230418_Dyad11/Yellow/A2D/Videos/GX050550.MP4	29331	NA	
Dyad 11 A2D (Foraging Only) ST	2024-03-17 11:38:12		3082.362	Media file(s)	player #1:C:/Users/Queens College/Dropbox (Queens College)/2023/Dyad/230418_Dyad11/Yellow/A2D/Videos/GX010550.MP4;C:/Users/Queens College/Dropbox (Queens College)/2023/Dyad/230418_Dyad11/Yellow/A2D/Videos/GX020550.MP4;C:/Users/Queens College/Dropbox (Queens College)/2023/Dyad/230418_Dyad11/Yellow/A2D/Videos/GX030550.MP4;C:/Users/Queens College/Dropbox (Queens College)/2023/Dyad/230418_Dyad11/Yellow/A2D/Videos/GX040550.MP4;C:/Users/Queens College/Dropbox (Queens College)/2023/Dyad/230418_Dyad11/Yellow/A2D/Videos/GX050550.MP4;C:/Users/Queens College/Dropbox (Queens College)/2023/Dyad/230418_Dyad11/Yellow/A2D/Videos/GX060550.MP4	707.707;707.707;707.707;707.707;707.707;707.707	59.940;59.940;59.940;59.940;59.940;59.940	Dominant	Foraging	Other	START	3329.209	C:/Users/Queens College/Dropbox (Queens College)/2023/Dyad/230418_Dyad11/Yellow/A2D/Videos/GX050550.MP4	29873	NA	
Dyad 11 A2D (Foraging Only) ST	2024-03-17 11:38:12		3082.362	Media file(s)	player #1:C:/Users/Queens College/Dropbox (Queens College)/2023/Dyad/230418_Dyad11/Yellow/A2D/Videos/GX010550.MP4;C:/Users/Queens College/Dropbox (Queens College)/2023/Dyad/230418_Dyad11/Yellow/A2D/Videos/GX020550.MP4;C:/Users/Queens College/Dropbox (Queens College)/2023/Dyad/230418_Dyad11/Yellow/A2D/Videos/GX030550.MP4;C:/Users/Queens College/Dropbox (Queens College)/2023/Dyad/230418_Dyad11/Yellow/A2D/Videos/GX040550.MP4;C:/Users/Queens College/Dropbox (Queens College)/2023/Dyad/230418_Dyad11/Yellow/A2D/Videos/GX050550.MP4;C:/Users/Queens College/Dropbox (Queens College)/2023/Dyad/230418_Dyad11/Yellow/A2D/Videos/GX060550.MP4	707.707;707.707;707.707;707.707;707.707;707.707	59.940;59.940;59.940;59.940;59.940;59.940	Dominant	Foraging	Other	STOP	3402.933	C:/Users/Queens College/Dropbox (Queens College)/2023/Dyad/230418_Dyad11/Yellow/A2D/Videos/GX050550.MP4	34292	NA	
Dyad 11 A2D (Foraging Only) ST	2024-03-17 11:38:12		3082.362	Media file(s)	player #1:C:/Users/Queens College/Dropbox (Queens College)/2023/Dyad/230418_Dyad11/Yellow/A2D/Videos/GX010550.MP4;C:/Users/Queens College/Dropbox (Queens College)/2023/Dyad/230418_Dyad11/Yellow/A2D/Videos/GX020550.MP4;C:/Users/Queens College/Dropbox (Queens College)/2023/Dyad/230418_Dyad11/Yellow/A2D/Videos/GX030550.MP4;C:/Users/Queens College/Dropbox (Queens College)/2023/Dyad/230418_Dyad11/Yellow/A2D/Videos/GX040550.MP4;C:/Users/Queens College/Dropbox (Queens College)/2023/Dyad/230418_Dyad11/Yellow/A2D/Videos/GX050550.MP4;C:/Users/Queens College/Dropbox (Queens College)/2023/Dyad/230418_Dyad11/Yellow/A2D/Videos/GX060550.MP4	707.707;707.707;707.707;707.707;707.707;707.707	59.940;59.940;59.940;59.940;59.940;59.940	Dominant	Foraging	Other	START	3420.267	C:/Users/Queens College/Dropbox (Queens College)/2023/Dyad/230418_Dyad11/Yellow/A2D/Videos/GX050550.MP4	35331	NA	
Dyad 11 A2D (Foraging Only) ST	2024-03-17 11:38:12		3082.362	Media file(s)	player #1:C:/Users/Queens College/Dropbox (Queens College)/2023/Dyad/230418_Dyad11/Yellow/A2D/Videos/GX010550.MP4;C:/Users/Queens College/Dropbox (Queens College)/2023/Dyad/230418_Dyad11/Yellow/A2D/Videos/GX020550.MP4;C:/Users/Queens College/Dropbox (Queens College)/2023/Dyad/230418_Dyad11/Yellow/A2D/Videos/GX030550.MP4;C:/Users/Queens College/Dropbox (Queens College)/2023/Dyad/230418_Dyad11/Yellow/A2D/Videos/GX040550.MP4;C:/Users/Queens College/Dropbox (Queens College)/2023/Dyad/230418_Dyad11/Yellow/A2D/Videos/GX050550.MP4;C:/Users/Queens College/Dropbox (Queens College)/2023/Dyad/230418_Dyad11/Yellow/A2D/Videos/GX060550.MP4	707.707;707.707;707.707;707.707;707.707;707.707	59.940;59.940;59.940;59.940;59.940;59.940	Dominant	Foraging	Other	STOP	3425.238	C:/Users/Queens College/Dropbox (Queens College)/2023/Dyad/230418_Dyad11/Yellow/A2D/Videos/GX050550.MP4	35630	NA	
Dyad 11 A2D (Foraging Only) ST	2024-03-17 11:38:12		3082.362	Media file(s)	player #1:C:/Users/Queens College/Dropbox (Queens College)/2023/Dyad/230418_Dyad11/Yellow/A2D/Videos/GX010550.MP4;C:/Users/Queens College/Dropbox (Queens College)/2023/Dyad/230418_Dyad11/Yellow/A2D/Videos/GX020550.MP4;C:/Users/Queens College/Dropbox (Queens College)/2023/Dyad/230418_Dyad11/Yellow/A2D/Videos/GX030550.MP4;C:/Users/Queens College/Dropbox (Queens College)/2023/Dyad/230418_Dyad11/Yellow/A2D/Videos/GX040550.MP4;C:/Users/Queens College/Dropbox (Queens College)/2023/Dyad/230418_Dyad11/Yellow/A2D/Videos/GX050550.MP4;C:/Users/Queens College/Dropbox (Queens College)/2023/Dyad/230418_Dyad11/Yellow/A2D/Videos/GX060550.MP4	707.707;707.707;707.707;707.707;707.707;707.707	59.940;59.940;59.940;59.940;59.940;59.940	Dominant	Foraging	Other	START	3442.990	C:/Users/Queens College/Dropbox (Queens College)/2023/Dyad/230418_Dyad11/Yellow/A2D/Videos/GX050550.MP4	36693	NA	
Dyad 11 A2D (Foraging Only) ST	2024-03-17 11:38:12		3082.362	Media file(s)	player #1:C:/Users/Queens College/Dropbox (Queens College)/2023/Dyad/230418_Dyad11/Yellow/A2D/Videos/GX010550.MP4;C:/Users/Queens College/Dropbox (Queens College)/2023/Dyad/230418_Dyad11/Yellow/A2D/Videos/GX020550.MP4;C:/Users/Queens College/Dropbox (Queens College)/2023/Dyad/230418_Dyad11/Yellow/A2D/Videos/GX030550.MP4;C:/Users/Queens College/Dropbox (Queens College)/2023/Dyad/230418_Dyad11/Yellow/A2D/Videos/GX040550.MP4;C:/Users/Queens College/Dropbox (Queens College)/2023/Dyad/230418_Dyad11/Yellow/A2D/Videos/GX050550.MP4;C:/Users/Queens College/Dropbox (Queens College)/2023/Dyad/230418_Dyad11/Yellow/A2D/Videos/GX060550.MP4	707.707;707.707;707.707;707.707;707.707;707.707	59.940;59.940;59.940;59.940;59.940;59.940	Dominant	Foraging	Other	STOP	3451.565	C:/Users/Queens College/Dropbox (Queens College)/2023/Dyad/230418_Dyad11/Yellow/A2D/Videos/GX050550.MP4	37207	NA	
Dyad 11 A2D (Foraging Only) ST	2024-03-17 11:38:12		3082.362	Media file(s)	player #1:C:/Users/Queens College/Dropbox (Queens College)/2023/Dyad/230418_Dyad11/Yellow/A2D/Videos/GX010550.MP4;C:/Users/Queens College/Dropbox (Queens College)/2023/Dyad/230418_Dyad11/Yellow/A2D/Videos/GX020550.MP4;C:/Users/Queens College/Dropbox (Queens College)/2023/Dyad/230418_Dyad11/Yellow/A2D/Videos/GX030550.MP4;C:/Users/Queens College/Dropbox (Queens College)/2023/Dyad/230418_Dyad11/Yellow/A2D/Videos/GX040550.MP4;C:/Users/Queens College/Dropbox (Queens College)/2023/Dyad/230418_Dyad11/Yellow/A2D/Videos/GX050550.MP4;C:/Users/Queens College/Dropbox (Queens College)/2023/Dyad/230418_Dyad11/Yellow/A2D/Videos/GX060550.MP4	707.707;707.707;707.707;707.707;707.707;707.707	59.940;59.940;59.940;59.940;59.940;59.940	Dominant	Foraging	Other	START	3520.017	C:/Users/Queens College/Dropbox (Queens College)/2023/Dyad/230418_Dyad11/Yellow/A2D/Videos/GX050550.MP4	41310	NA	
Dyad 11 A2D (Foraging Only) ST	2024-03-17 11:38:12		3082.362	Media file(s)	player #1:C:/Users/Queens College/Dropbox (Queens College)/2023/Dyad/230418_Dyad11/Yellow/A2D/Videos/GX010550.MP4;C:/Users/Queens College/Dropbox (Queens College)/2023/Dyad/230418_Dyad11/Yellow/A2D/Videos/GX020550.MP4;C:/Users/Queens College/Dropbox (Queens College)/2023/Dyad/230418_Dyad11/Yellow/A2D/Videos/GX030550.MP4;C:/Users/Queens College/Dropbox (Queens College)/2023/Dyad/230418_Dyad11/Yellow/A2D/Videos/GX040550.MP4;C:/Users/Queens College/Dropbox (Queens College)/2023/Dyad/230418_Dyad11/Yellow/A2D/Videos/GX050550.MP4;C:/Users/Queens College/Dropbox (Queens College)/2023/Dyad/230418_Dyad11/Yellow/A2D/Videos/GX060550.MP4	707.707;707.707;707.707;707.707;707.707;707.707	59.940;59.940;59.940;59.940;59.940;59.940	Dominant	Foraging	Other	STOP	3540.420	C:/Users/Queens College/Dropbox (Queens College)/2023/Dyad/230418_Dyad11/Yellow/A2D/Videos/GX060550.MP4	113	NA	
Dyad 11 A2D (Foraging Only) ST	2024-03-17 11:38:12		3082.362	Media file(s)	player #1:C:/Users/Queens College/Dropbox (Queens College)/2023/Dyad/230418_Dyad11/Yellow/A2D/Videos/GX010550.MP4;C:/Users/Queens College/Dropbox (Queens College)/2023/Dyad/230418_Dyad11/Yellow/A2D/Videos/GX020550.MP4;C:/Users/Queens College/Dropbox (Queens College)/2023/Dyad/230418_Dyad11/Yellow/A2D/Videos/GX030550.MP4;C:/Users/Queens College/Dropbox (Queens College)/2023/Dyad/230418_Dyad11/Yellow/A2D/Videos/GX040550.MP4;C:/Users/Queens College/Dropbox (Queens College)/2023/Dyad/230418_Dyad11/Yellow/A2D/Videos/GX050550.MP4;C:/Users/Queens College/Dropbox (Queens College)/2023/Dyad/230418_Dyad11/Yellow/A2D/Videos/GX060550.MP4	707.707;707.707;707.707;707.707;707.707;707.707	59.940;59.940;59.940;59.940;59.940;59.940	Dominant	Foraging	Other	START	3556.887	C:/Users/Queens College/Dropbox (Queens College)/2023/Dyad/230418_Dyad11/Yellow/A2D/Videos/GX060550.MP4	1100	NA	
Dyad 11 A2D (Foraging Only) ST	2024-03-17 11:38:12		3082.362	Media file(s)	player #1:C:/Users/Queens College/Dropbox (Queens College)/2023/Dyad/230418_Dyad11/Yellow/A2D/Videos/GX010550.MP4;C:/Users/Queens College/Dropbox (Queens College)/2023/Dyad/230418_Dyad11/Yellow/A2D/Videos/GX020550.MP4;C:/Users/Queens College/Dropbox (Queens College)/2023/Dyad/230418_Dyad11/Yellow/A2D/Videos/GX030550.MP4;C:/Users/Queens College/Dropbox (Queens College)/2023/Dyad/230418_Dyad11/Yellow/A2D/Videos/GX040550.MP4;C:/Users/Queens College/Dropbox (Queens College)/2023/Dyad/230418_Dyad11/Yellow/A2D/Videos/GX050550.MP4;C:/Users/Queens College/Dropbox (Queens College)/2023/Dyad/230418_Dyad11/Yellow/A2D/Videos/GX060550.MP4	707.707;707.707;707.707;707.707;707.707;707.707	59.940;59.940;59.940;59.940;59.940;59.940	Dominant	Foraging	Other	STOP	3706.786	C:/Users/Queens College/Dropbox (Queens College)/2023/Dyad/230418_Dyad11/Yellow/A2D/Videos/GX060550.MP4	10085	NA	
Dyad 11 A2D (Foraging Only) ST	2024-03-17 11:38:12		3082.362	Media file(s)	player #1:C:/Users/Queens College/Dropbox (Queens College)/2023/Dyad/230418_Dyad11/Yellow/A2D/Videos/GX010550.MP4;C:/Users/Queens College/Dropbox (Queens College)/2023/Dyad/230418_Dyad11/Yellow/A2D/Videos/GX020550.MP4;C:/Users/Queens College/Dropbox (Queens College)/2023/Dyad/230418_Dyad11/Yellow/A2D/Videos/GX030550.MP4;C:/Users/Queens College/Dropbox (Queens College)/2023/Dyad/230418_Dyad11/Yellow/A2D/Videos/GX040550.MP4;C:/Users/Queens College/Dropbox (Queens College)/2023/Dyad/230418_Dyad11/Yellow/A2D/Videos/GX050550.MP4;C:/Users/Queens College/Dropbox (Queens College)/2023/Dyad/230418_Dyad11/Yellow/A2D/Videos/GX060550.MP4	707.707;707.707;707.707;707.707;707.707;707.707	59.940;59.940;59.940;59.940;59.940;59.940	Dominant	Foraging	Other	START	3773.386	C:/Users/Queens College/Dropbox (Queens College)/2023/Dyad/230418_Dyad11/Yellow/A2D/Videos/GX060550.MP4	14077	NA	
Dyad 11 A2D (Foraging Only) ST	2024-03-17 11:38:12		3082.362	Media file(s)	player #1:C:/Users/Queens College/Dropbox (Queens College)/2023/Dyad/230418_Dyad11/Yellow/A2D/Videos/GX010550.MP4;C:/Users/Queens College/Dropbox (Queens College)/2023/Dyad/230418_Dyad11/Yellow/A2D/Videos/GX020550.MP4;C:/Users/Queens College/Dropbox (Queens College)/2023/Dyad/230418_Dyad11/Yellow/A2D/Videos/GX030550.MP4;C:/Users/Queens College/Dropbox (Queens College)/2023/Dyad/230418_Dyad11/Yellow/A2D/Videos/GX040550.MP4;C:/Users/Queens College/Dropbox (Queens College)/2023/Dyad/230418_Dyad11/Yellow/A2D/Videos/GX050550.MP4;C:/Users/Queens College/Dropbox (Queens College)/2023/Dyad/230418_Dyad11/Yellow/A2D/Videos/GX060550.MP4	707.707;707.707;707.707;707.707;707.707;707.707	59.940;59.940;59.940;59.940;59.940;59.940	Dominant	Foraging	Other	STOP	3824.871	C:/Users/Queens College/Dropbox (Queens College)/2023/Dyad/230418_Dyad11/Yellow/A2D/Videos/GX060550.MP4	17163	NA	
Dyad 11 A2D (Foraging Only) ST	2024-03-17 11:38:12		3082.362	Media file(s)	player #1:C:/Users/Queens College/Dropbox (Queens College)/2023/Dyad/230418_Dyad11/Yellow/A2D/Videos/GX010550.MP4;C:/Users/Queens College/Dropbox (Queens College)/2023/Dyad/230418_Dyad11/Yellow/A2D/Videos/GX020550.MP4;C:/Users/Queens College/Dropbox (Queens College)/2023/Dyad/230418_Dyad11/Yellow/A2D/Videos/GX030550.MP4;C:/Users/Queens College/Dropbox (Queens College)/2023/Dyad/230418_Dyad11/Yellow/A2D/Videos/GX040550.MP4;C:/Users/Queens College/Dropbox (Queens College)/2023/Dyad/230418_Dyad11/Yellow/A2D/Videos/GX050550.MP4;C:/Users/Queens College/Dropbox (Queens College)/2023/Dyad/230418_Dyad11/Yellow/A2D/Videos/GX060550.MP4	707.707;707.707;707.707;707.707;707.707;707.707	59.940;59.940;59.940;59.940;59.940;59.940	Dominant	Foraging	Other	START	3843.473	C:/Users/Queens College/Dropbox (Queens College)/2023/Dyad/230418_Dyad11/Yellow/A2D/Videos/GX060550.MP4	18278	NA	
Dyad 11 A2D (Foraging Only) ST	2024-03-17 11:38:12		3082.362	Media file(s)	player #1:C:/Users/Queens College/Dropbox (Queens College)/2023/Dyad/230418_Dyad11/Yellow/A2D/Videos/GX010550.MP4;C:/Users/Queens College/Dropbox (Queens College)/2023/Dyad/230418_Dyad11/Yellow/A2D/Videos/GX020550.MP4;C:/Users/Queens College/Dropbox (Queens College)/2023/Dyad/230418_Dyad11/Yellow/A2D/Videos/GX030550.MP4;C:/Users/Queens College/Dropbox (Queens College)/2023/Dyad/230418_Dyad11/Yellow/A2D/Videos/GX040550.MP4;C:/Users/Queens College/Dropbox (Queens College)/2023/Dyad/230418_Dyad11/Yellow/A2D/Videos/GX050550.MP4;C:/Users/Queens College/Dropbox (Queens College)/2023/Dyad/230418_Dyad11/Yellow/A2D/Videos/GX060550.MP4	707.707;707.707;707.707;707.707;707.707;707.707	59.940;59.940;59.940;59.940;59.940;59.940	Dominant	Foraging	Other	STOP	3869.382	C:/Users/Queens College/Dropbox (Queens College)/2023/Dyad/230418_Dyad11/Yellow/A2D/Videos/GX060550.MP4	19831	NA	
Dyad 11 A2D (Foraging Only) ST	2024-03-17 11:38:12		3082.362	Media file(s)	player #1:C:/Users/Queens College/Dropbox (Queens College)/2023/Dyad/230418_Dyad11/Yellow/A2D/Videos/GX010550.MP4;C:/Users/Queens College/Dropbox (Queens College)/2023/Dyad/230418_Dyad11/Yellow/A2D/Videos/GX020550.MP4;C:/Users/Queens College/Dropbox (Queens College)/2023/Dyad/230418_Dyad11/Yellow/A2D/Videos/GX030550.MP4;C:/Users/Queens College/Dropbox (Queens College)/2023/Dyad/230418_Dyad11/Yellow/A2D/Videos/GX040550.MP4;C:/Users/Queens College/Dropbox (Queens College)/2023/Dyad/230418_Dyad11/Yellow/A2D/Videos/GX050550.MP4;C:/Users/Queens College/Dropbox (Queens College)/2023/Dyad/230418_Dyad11/Yellow/A2D/Videos/GX060550.MP4	707.707;707.707;707.707;707.707;707.707;707.707	59.940;59.940;59.940;59.940;59.940;59.940	Dominant	Foraging	Other	START	3897.277	C:/Users/Queens College/Dropbox (Queens College)/2023/Dyad/230418_Dyad11/Yellow/A2D/Videos/GX060550.MP4	21503	NA	
Dyad 11 A2D (Foraging Only) ST	2024-03-17 11:38:12		3082.362	Media file(s)	player #1:C:/Users/Queens College/Dropbox (Queens College)/2023/Dyad/230418_Dyad11/Yellow/A2D/Videos/GX010550.MP4;C:/Users/Queens College/Dropbox (Queens College)/2023/Dyad/230418_Dyad11/Yellow/A2D/Videos/GX020550.MP4;C:/Users/Queens College/Dropbox (Queens College)/2023/Dyad/230418_Dyad11/Yellow/A2D/Videos/GX030550.MP4;C:/Users/Queens College/Dropbox (Queens College)/2023/Dyad/230418_Dyad11/Yellow/A2D/Videos/GX040550.MP4;C:/Users/Queens College/Dropbox (Queens College)/2023/Dyad/230418_Dyad11/Yellow/A2D/Videos/GX050550.MP4;C:/Users/Queens College/Dropbox (Queens College)/2023/Dyad/230418_Dyad11/Yellow/A2D/Videos/GX060550.MP4	707.707;707.707;707.707;707.707;707.707;707.707	59.940;59.940;59.940;59.940;59.940;59.940	Dominant	Foraging	Other	STOP	3916.262	C:/Users/Queens College/Dropbox (Queens College)/2023/Dyad/230418_Dyad11/Yellow/A2D/Videos/GX060550.MP4	22641	NA	
Dyad 11 A2D (Foraging Only) ST	2024-03-17 11:38:12		3082.362	Media file(s)	player #1:C:/Users/Queens College/Dropbox (Queens College)/2023/Dyad/230418_Dyad11/Yellow/A2D/Videos/GX010550.MP4;C:/Users/Queens College/Dropbox (Queens College)/2023/Dyad/230418_Dyad11/Yellow/A2D/Videos/GX020550.MP4;C:/Users/Queens College/Dropbox (Queens College)/2023/Dyad/230418_Dyad11/Yellow/A2D/Videos/GX030550.MP4;C:/Users/Queens College/Dropbox (Queens College)/2023/Dyad/230418_Dyad11/Yellow/A2D/Videos/GX040550.MP4;C:/Users/Queens College/Dropbox (Queens College)/2023/Dyad/230418_Dyad11/Yellow/A2D/Videos/GX050550.MP4;C:/Users/Queens College/Dropbox (Queens College)/2023/Dyad/230418_Dyad11/Yellow/A2D/Videos/GX060550.MP4	707.707;707.707;707.707;707.707;707.707;707.707	59.940;59.940;59.940;59.940;59.940;59.940	Dominant	Foraging	Other	START	3985.281	C:/Users/Queens College/Dropbox (Queens College)/2023/Dyad/230418_Dyad11/Yellow/A2D/Videos/GX060550.MP4	26778	NA	
Dyad 11 A2D (Foraging Only) ST	2024-03-17 11:38:12		3082.362	Media file(s)	player #1:C:/Users/Queens College/Dropbox (Queens College)/2023/Dyad/230418_Dyad11/Yellow/A2D/Videos/GX010550.MP4;C:/Users/Queens College/Dropbox (Queens College)/2023/Dyad/230418_Dyad11/Yellow/A2D/Videos/GX020550.MP4;C:/Users/Queens College/Dropbox (Queens College)/2023/Dyad/230418_Dyad11/Yellow/A2D/Videos/GX030550.MP4;C:/Users/Queens College/Dropbox (Queens College)/2023/Dyad/230418_Dyad11/Yellow/A2D/Videos/GX040550.MP4;C:/Users/Queens College/Dropbox (Queens College)/2023/Dyad/230418_Dyad11/Yellow/A2D/Videos/GX050550.MP4;C:/Users/Queens College/Dropbox (Queens College)/2023/Dyad/230418_Dyad11/Yellow/A2D/Videos/GX060550.MP4	707.707;707.707;707.707;707.707;707.707;707.707	59.940;59.940;59.940;59.940;59.940;59.940	Dominant	Foraging	Other	STOP	4050.313	C:/Users/Queens College/Dropbox (Queens College)/2023/Dyad/230418_Dyad11/Yellow/A2D/Videos/GX060550.MP4	30676	NA	
Dyad 11 A2D (Foraging Only) ST	2024-03-17 11:38:12		3082.362	Media file(s)	player #1:C:/Users/Queens College/Dropbox (Queens College)/2023/Dyad/230418_Dyad11/Yellow/A2D/Videos/GX010550.MP4;C:/Users/Queens College/Dropbox (Queens College)/2023/Dyad/230418_Dyad11/Yellow/A2D/Videos/GX020550.MP4;C:/Users/Queens College/Dropbox (Queens College)/2023/Dyad/230418_Dyad11/Yellow/A2D/Videos/GX030550.MP4;C:/Users/Queens College/Dropbox (Queens College)/2023/Dyad/230418_Dyad11/Yellow/A2D/Videos/GX040550.MP4;C:/Users/Queens College/Dropbox (Queens College)/2023/Dyad/230418_Dyad11/Yellow/A2D/Videos/GX050550.MP4;C:/Users/Queens College/Dropbox (Queens College)/2023/Dyad/230418_Dyad11/Yellow/A2D/Videos/GX060550.MP4	707.707;707.707;707.707;707.707;707.707;707.707	59.940;59.940;59.940;59.940;59.940;59.940	Dominant	Foraging	Other	START	4083.947	C:/Users/Queens College/Dropbox (Queens College)/2023/Dyad/230418_Dyad11/Yellow/A2D/Videos/GX060550.MP4	32692	NA	
Dyad 11 A2D (Foraging Only) ST	2024-03-17 11:38:12		3082.362	Media file(s)	player #1:C:/Users/Queens College/Dropbox (Queens College)/2023/Dyad/230418_Dyad11/Yellow/A2D/Videos/GX010550.MP4;C:/Users/Queens College/Dropbox (Queens College)/2023/Dyad/230418_Dyad11/Yellow/A2D/Videos/GX020550.MP4;C:/Users/Queens College/Dropbox (Queens College)/2023/Dyad/230418_Dyad11/Yellow/A2D/Videos/GX030550.MP4;C:/Users/Queens College/Dropbox (Queens College)/2023/Dyad/230418_Dyad11/Yellow/A2D/Videos/GX040550.MP4;C:/Users/Queens College/Dropbox (Queens College)/2023/Dyad/230418_Dyad11/Yellow/A2D/Videos/GX050550.MP4;C:/Users/Queens College/Dropbox (Queens College)/2023/Dyad/230418_Dyad11/Yellow/A2D/Videos/GX060550.MP4	707.707;707.707;707.707;707.707;707.707;707.707	59.940;59.940;59.940;59.940;59.940;59.940	Dominant	Foraging	Other	STOP	4130.026	C:/Users/Queens College/Dropbox (Queens College)/2023/Dyad/230418_Dyad11/Yellow/A2D/Videos/GX060550.MP4	35454	NA	
Dyad 11 A2D (Foraging Only) ST	2024-03-17 11:38:12		3082.362	Media file(s)	player #1:C:/Users/Queens College/Dropbox (Queens College)/2023/Dyad/230418_Dyad11/Yellow/A2D/Videos/GX010550.MP4;C:/Users/Queens College/Dropbox (Queens College)/2023/Dyad/230418_Dyad11/Yellow/A2D/Videos/GX020550.MP4;C:/Users/Queens College/Dropbox (Queens College)/2023/Dyad/230418_Dyad11/Yellow/A2D/Videos/GX030550.MP4;C:/Users/Queens College/Dropbox (Queens College)/2023/Dyad/230418_Dyad11/Yellow/A2D/Videos/GX040550.MP4;C:/Users/Queens College/Dropbox (Queens College)/2023/Dyad/230418_Dyad11/Yellow/A2D/Videos/GX050550.MP4;C:/Users/Queens College/Dropbox (Queens College)/2023/Dyad/230418_Dyad11/Yellow/A2D/Videos/GX060550.MP4	707.707;707.707;707.707;707.707;707.707;707.707	59.940;59.940;59.940;59.940;59.940;59.940	Dominant	Foraging	Other	START	4144.907	C:/Users/Queens College/Dropbox (Queens College)/2023/Dyad/230418_Dyad11/Yellow/A2D/Videos/GX060550.MP4	36346	NA	
Dyad 11 A2D (Foraging Only) ST	2024-03-17 11:38:12		3082.362	Media file(s)	player #1:C:/Users/Queens College/Dropbox (Queens College)/2023/Dyad/230418_Dyad11/Yellow/A2D/Videos/GX010550.MP4;C:/Users/Queens College/Dropbox (Queens College)/2023/Dyad/230418_Dyad11/Yellow/A2D/Videos/GX020550.MP4;C:/Users/Queens College/Dropbox (Queens College)/2023/Dyad/230418_Dyad11/Yellow/A2D/Videos/GX030550.MP4;C:/Users/Queens College/Dropbox (Queens College)/2023/Dyad/230418_Dyad11/Yellow/A2D/Videos/GX040550.MP4;C:/Users/Queens College/Dropbox (Queens College)/2023/Dyad/230418_Dyad11/Yellow/A2D/Videos/GX050550.MP4;C:/Users/Queens College/Dropbox (Queens College)/2023/Dyad/230418_Dyad11/Yellow/A2D/Videos/GX060550.MP4	707.707;707.707;707.707;707.707;707.707;707.707	59.940;59.940;59.940;59.940;59.940;59.940	Dominant	Foraging	Other	STOP	4159.188	C:/Users/Queens College/Dropbox (Queens College)/2023/Dyad/230418_Dyad11/Yellow/A2D/Videos/GX060550.MP4	37202	NA	
