Observation id	Dyad.12.A1B.							
								
Media file(s)								
								
Player #1	C:/Users/qbiol/Dropbox (Queens College)/2023/Dyad/230524_Dyad 12/Blue/A1B/Videos/GX010544.MP4							
Player #1	C:/Users/qbiol/Dropbox (Queens College)/2023/Dyad/230524_Dyad 12/Blue/A1B/Videos/GX020544.MP4							
Player #1	C:/Users/qbiol/Dropbox (Queens College)/2023/Dyad/230524_Dyad 12/Blue/A1B/Videos/GX030544.MP4							
Player #1	C:/Users/qbiol/Dropbox (Queens College)/2023/Dyad/230524_Dyad 12/Blue/A1B/Videos/GX040544.MP4							
								
Observation date	2023-08-11 12:50:56							
								
Description								
								
Time offset (s)	0.000							
								
independent variables								
variable	value							
								
Time	Media file path	Total length	FPS	Subject	Behavior	Behavioral category	Comment	Status
8.656	C:/Users/qbiol/Dropbox (Queens College)/2023/Dyad/230524_Dyad 12/Blue/A1B/Videos/GX010544.MP4	3866.820	29.97	Dominant	Chases Female	Aggressive		POINT
10.909	C:/Users/qbiol/Dropbox (Queens College)/2023/Dyad/230524_Dyad 12/Blue/A1B/Videos/GX010544.MP4	3866.820	29.97	Dominant	bite female	Reproductive		POINT
16.911	C:/Users/qbiol/Dropbox (Queens College)/2023/Dyad/230524_Dyad 12/Blue/A1B/Videos/GX010544.MP4	3866.820	29.97	Dominant	bite female	Reproductive		POINT
32.933	C:/Users/qbiol/Dropbox (Queens College)/2023/Dyad/230524_Dyad 12/Blue/A1B/Videos/GX010544.MP4	3866.820	29.97	Dominant	bite female	Reproductive		POINT
33.432	C:/Users/qbiol/Dropbox (Queens College)/2023/Dyad/230524_Dyad 12/Blue/A1B/Videos/GX010544.MP4	3866.820	29.97	Dominant	Chases Female	Aggressive		POINT
36.686	C:/Users/qbiol/Dropbox (Queens College)/2023/Dyad/230524_Dyad 12/Blue/A1B/Videos/GX010544.MP4	3866.820	29.97	Dominant	Bite	Aggressive		POINT
37.438	C:/Users/qbiol/Dropbox (Queens College)/2023/Dyad/230524_Dyad 12/Blue/A1B/Videos/GX010544.MP4	3866.820	29.97	Dominant	Chases Male	Aggressive		POINT
38.437	C:/Users/qbiol/Dropbox (Queens College)/2023/Dyad/230524_Dyad 12/Blue/A1B/Videos/GX010544.MP4	3866.820	29.97	Dominant	Bite	Aggressive		POINT
45.446	C:/Users/qbiol/Dropbox (Queens College)/2023/Dyad/230524_Dyad 12/Blue/A1B/Videos/GX010544.MP4	3866.820	29.97	Dominant	Bite	Aggressive		POINT
47.197	C:/Users/qbiol/Dropbox (Queens College)/2023/Dyad/230524_Dyad 12/Blue/A1B/Videos/GX010544.MP4	3866.820	29.97	Dominant	Bite	Aggressive		POINT
47.197	C:/Users/qbiol/Dropbox (Queens College)/2023/Dyad/230524_Dyad 12/Blue/A1B/Videos/GX010544.MP4	3866.820	29.97	Dominant	Chases Male	Aggressive		POINT
48.945	C:/Users/qbiol/Dropbox (Queens College)/2023/Dyad/230524_Dyad 12/Blue/A1B/Videos/GX010544.MP4	3866.820	29.97	Dominant	Bite	Aggressive		POINT
53.952	C:/Users/qbiol/Dropbox (Queens College)/2023/Dyad/230524_Dyad 12/Blue/A1B/Videos/GX010544.MP4	3866.820	29.97	Dominant	Chases Male	Aggressive		POINT
54.202	C:/Users/qbiol/Dropbox (Queens College)/2023/Dyad/230524_Dyad 12/Blue/A1B/Videos/GX010544.MP4	3866.820	29.97	Dominant	Bite	Aggressive		POINT
60.202	C:/Users/qbiol/Dropbox (Queens College)/2023/Dyad/230524_Dyad 12/Blue/A1B/Videos/GX010544.MP4	3866.820	29.97	Dominant	Chases Male	Aggressive		POINT
60.950	C:/Users/qbiol/Dropbox (Queens College)/2023/Dyad/230524_Dyad 12/Blue/A1B/Videos/GX010544.MP4	3866.820	29.97	Dominant	Bite	Aggressive		POINT
65.452	C:/Users/qbiol/Dropbox (Queens College)/2023/Dyad/230524_Dyad 12/Blue/A1B/Videos/GX010544.MP4	3866.820	29.97	Dominant	Chases Male	Aggressive		POINT
65.704	C:/Users/qbiol/Dropbox (Queens College)/2023/Dyad/230524_Dyad 12/Blue/A1B/Videos/GX010544.MP4	3866.820	29.97	Dominant	Bite	Aggressive		POINT
68.452	C:/Users/qbiol/Dropbox (Queens College)/2023/Dyad/230524_Dyad 12/Blue/A1B/Videos/GX010544.MP4	3866.820	29.97	Dominant	Chases Male	Aggressive		POINT
79.480	C:/Users/qbiol/Dropbox (Queens College)/2023/Dyad/230524_Dyad 12/Blue/A1B/Videos/GX010544.MP4	3866.820	29.97	Dominant	Chases Male	Aggressive		POINT
80.230	C:/Users/qbiol/Dropbox (Queens College)/2023/Dyad/230524_Dyad 12/Blue/A1B/Videos/GX010544.MP4	3866.820	29.97	Dominant	Bite	Aggressive		POINT
83.234	C:/Users/qbiol/Dropbox (Queens College)/2023/Dyad/230524_Dyad 12/Blue/A1B/Videos/GX010544.MP4	3866.820	29.97	Dominant	Chases Male	Aggressive		POINT
83.484	C:/Users/qbiol/Dropbox (Queens College)/2023/Dyad/230524_Dyad 12/Blue/A1B/Videos/GX010544.MP4	3866.820	29.97	Dominant	Bite	Aggressive		POINT
85.983	C:/Users/qbiol/Dropbox (Queens College)/2023/Dyad/230524_Dyad 12/Blue/A1B/Videos/GX010544.MP4	3866.820	29.97	Dominant	Chases Male	Aggressive		POINT
89.239	C:/Users/qbiol/Dropbox (Queens College)/2023/Dyad/230524_Dyad 12/Blue/A1B/Videos/GX010544.MP4	3866.820	29.97	Dominant	Bite	Aggressive		POINT
90.491	C:/Users/qbiol/Dropbox (Queens College)/2023/Dyad/230524_Dyad 12/Blue/A1B/Videos/GX010544.MP4	3866.820	29.97	Dominant	Chases Male	Aggressive		POINT
92.490	C:/Users/qbiol/Dropbox (Queens College)/2023/Dyad/230524_Dyad 12/Blue/A1B/Videos/GX010544.MP4	3866.820	29.97	Dominant	Chases Male	Aggressive		POINT
92.740	C:/Users/qbiol/Dropbox (Queens College)/2023/Dyad/230524_Dyad 12/Blue/A1B/Videos/GX010544.MP4	3866.820	29.97	Dominant	Bite	Aggressive		POINT
94.490	C:/Users/qbiol/Dropbox (Queens College)/2023/Dyad/230524_Dyad 12/Blue/A1B/Videos/GX010544.MP4	3866.820	29.97	Dominant	Chases Male	Aggressive		POINT
95.491	C:/Users/qbiol/Dropbox (Queens College)/2023/Dyad/230524_Dyad 12/Blue/A1B/Videos/GX010544.MP4	3866.820	29.97	Dominant	Bite	Aggressive		POINT
97.491	C:/Users/qbiol/Dropbox (Queens College)/2023/Dyad/230524_Dyad 12/Blue/A1B/Videos/GX010544.MP4	3866.820	29.97	Dominant	Bite	Aggressive		POINT
98.740	C:/Users/qbiol/Dropbox (Queens College)/2023/Dyad/230524_Dyad 12/Blue/A1B/Videos/GX010544.MP4	3866.820	29.97	Dominant	Chases Male	Aggressive		POINT
110.257	C:/Users/qbiol/Dropbox (Queens College)/2023/Dyad/230524_Dyad 12/Blue/A1B/Videos/GX010544.MP4	3866.820	29.97	Dominant	Chases Male	Aggressive		POINT
110.512	C:/Users/qbiol/Dropbox (Queens College)/2023/Dyad/230524_Dyad 12/Blue/A1B/Videos/GX010544.MP4	3866.820	29.97	Dominant	Bite	Aggressive		POINT
115.011	C:/Users/qbiol/Dropbox (Queens College)/2023/Dyad/230524_Dyad 12/Blue/A1B/Videos/GX010544.MP4	3866.820	29.97	Dominant	Chases Male	Aggressive		POINT
117.017	C:/Users/qbiol/Dropbox (Queens College)/2023/Dyad/230524_Dyad 12/Blue/A1B/Videos/GX010544.MP4	3866.820	29.97	Dominant	Bite	Aggressive		POINT
132.530	C:/Users/qbiol/Dropbox (Queens College)/2023/Dyad/230524_Dyad 12/Blue/A1B/Videos/GX010544.MP4	3866.820	29.97	Dominant	Chases Male	Aggressive		POINT
132.780	C:/Users/qbiol/Dropbox (Queens College)/2023/Dyad/230524_Dyad 12/Blue/A1B/Videos/GX010544.MP4	3866.820	29.97	Dominant	Bite	Aggressive		POINT
134.034	C:/Users/qbiol/Dropbox (Queens College)/2023/Dyad/230524_Dyad 12/Blue/A1B/Videos/GX010544.MP4	3866.820	29.97	Dominant	Bite	Aggressive		POINT
134.533	C:/Users/qbiol/Dropbox (Queens College)/2023/Dyad/230524_Dyad 12/Blue/A1B/Videos/GX010544.MP4	3866.820	29.97	Dominant	Chases Male	Aggressive		POINT
136.283	C:/Users/qbiol/Dropbox (Queens College)/2023/Dyad/230524_Dyad 12/Blue/A1B/Videos/GX010544.MP4	3866.820	29.97	Dominant	Bite	Aggressive		POINT
139.786	C:/Users/qbiol/Dropbox (Queens College)/2023/Dyad/230524_Dyad 12/Blue/A1B/Videos/GX010544.MP4	3866.820	29.97	Dominant	Chases Male	Aggressive		POINT
140.786	C:/Users/qbiol/Dropbox (Queens College)/2023/Dyad/230524_Dyad 12/Blue/A1B/Videos/GX010544.MP4	3866.820	29.97	Dominant	Bite	Aggressive		POINT
142.291	C:/Users/qbiol/Dropbox (Queens College)/2023/Dyad/230524_Dyad 12/Blue/A1B/Videos/GX010544.MP4	3866.820	29.97	Dominant	Bite	Aggressive		POINT
160.564	C:/Users/qbiol/Dropbox (Queens College)/2023/Dyad/230524_Dyad 12/Blue/A1B/Videos/GX010544.MP4	3866.820	29.97	Dominant	Chases Male	Aggressive		POINT
165.064	C:/Users/qbiol/Dropbox (Queens College)/2023/Dyad/230524_Dyad 12/Blue/A1B/Videos/GX010544.MP4	3866.820	29.97	Dominant	Chases Male	Aggressive		POINT
165.564	C:/Users/qbiol/Dropbox (Queens College)/2023/Dyad/230524_Dyad 12/Blue/A1B/Videos/GX010544.MP4	3866.820	29.97	Dominant	Bite	Aggressive		POINT
170.067	C:/Users/qbiol/Dropbox (Queens College)/2023/Dyad/230524_Dyad 12/Blue/A1B/Videos/GX010544.MP4	3866.820	29.97	Dominant	Chases Male	Aggressive		POINT
173.572	C:/Users/qbiol/Dropbox (Queens College)/2023/Dyad/230524_Dyad 12/Blue/A1B/Videos/GX010544.MP4	3866.820	29.97	Dominant	Chases Male	Aggressive		POINT
178.577	C:/Users/qbiol/Dropbox (Queens College)/2023/Dyad/230524_Dyad 12/Blue/A1B/Videos/GX010544.MP4	3866.820	29.97	Dominant	Chases Male	Aggressive		POINT
179.337	C:/Users/qbiol/Dropbox (Queens College)/2023/Dyad/230524_Dyad 12/Blue/A1B/Videos/GX010544.MP4	3866.820	29.97	Dominant	Bite	Aggressive		POINT
197.580	C:/Users/qbiol/Dropbox (Queens College)/2023/Dyad/230524_Dyad 12/Blue/A1B/Videos/GX010544.MP4	3866.820	29.97	Dominant	Chases Male	Aggressive		POINT
208.331	C:/Users/qbiol/Dropbox (Queens College)/2023/Dyad/230524_Dyad 12/Blue/A1B/Videos/GX010544.MP4	3866.820	29.97	Dominant	Chases Male	Aggressive		POINT
214.104	C:/Users/qbiol/Dropbox (Queens College)/2023/Dyad/230524_Dyad 12/Blue/A1B/Videos/GX010544.MP4	3866.820	29.97	Dominant	Chases Male	Aggressive		POINT
224.852	C:/Users/qbiol/Dropbox (Queens College)/2023/Dyad/230524_Dyad 12/Blue/A1B/Videos/GX010544.MP4	3866.820	29.97	Dominant	Chases Male	Aggressive		POINT
236.880	C:/Users/qbiol/Dropbox (Queens College)/2023/Dyad/230524_Dyad 12/Blue/A1B/Videos/GX010544.MP4	3866.820	29.97	Dominant	Chases Male	Aggressive		POINT
247.132	C:/Users/qbiol/Dropbox (Queens College)/2023/Dyad/230524_Dyad 12/Blue/A1B/Videos/GX010544.MP4	3866.820	29.97	Dominant	Chases Male	Aggressive		POINT
247.645	C:/Users/qbiol/Dropbox (Queens College)/2023/Dyad/230524_Dyad 12/Blue/A1B/Videos/GX010544.MP4	3866.820	29.97	Dominant	Bite	Aggressive		POINT
253.882	C:/Users/qbiol/Dropbox (Queens College)/2023/Dyad/230524_Dyad 12/Blue/A1B/Videos/GX010544.MP4	3866.820	29.97	Dominant	Chases Male	Aggressive		POINT
258.153	C:/Users/qbiol/Dropbox (Queens College)/2023/Dyad/230524_Dyad 12/Blue/A1B/Videos/GX010544.MP4	3866.820	29.97	Dominant	Chases Male	Aggressive		POINT
269.666	C:/Users/qbiol/Dropbox (Queens College)/2023/Dyad/230524_Dyad 12/Blue/A1B/Videos/GX010544.MP4	3866.820	29.97	Dominant	Chases Male	Aggressive		POINT
273.174	C:/Users/qbiol/Dropbox (Queens College)/2023/Dyad/230524_Dyad 12/Blue/A1B/Videos/GX010544.MP4	3866.820	29.97	Dominant	Bite	Aggressive		POINT
275.425	C:/Users/qbiol/Dropbox (Queens College)/2023/Dyad/230524_Dyad 12/Blue/A1B/Videos/GX010544.MP4	3866.820	29.97	Dominant	Chases Male	Aggressive		POINT
275.672	C:/Users/qbiol/Dropbox (Queens College)/2023/Dyad/230524_Dyad 12/Blue/A1B/Videos/GX010544.MP4	3866.820	29.97	Dominant	Bite	Aggressive		POINT
278.424	C:/Users/qbiol/Dropbox (Queens College)/2023/Dyad/230524_Dyad 12/Blue/A1B/Videos/GX010544.MP4	3866.820	29.97	Dominant	Bite	Aggressive		POINT
284.434	C:/Users/qbiol/Dropbox (Queens College)/2023/Dyad/230524_Dyad 12/Blue/A1B/Videos/GX010544.MP4	3866.820	29.97	Dominant	Bite	Aggressive		POINT
290.439	C:/Users/qbiol/Dropbox (Queens College)/2023/Dyad/230524_Dyad 12/Blue/A1B/Videos/GX010544.MP4	3866.820	29.97	Dominant	Quiver female	Reproductive		POINT
293.441	C:/Users/qbiol/Dropbox (Queens College)/2023/Dyad/230524_Dyad 12/Blue/A1B/Videos/GX010544.MP4	3866.820	29.97	Dominant	Chases Male	Aggressive		POINT
297.942	C:/Users/qbiol/Dropbox (Queens College)/2023/Dyad/230524_Dyad 12/Blue/A1B/Videos/GX010544.MP4	3866.820	29.97	Dominant	Chases Male	Aggressive		POINT
304.693	C:/Users/qbiol/Dropbox (Queens College)/2023/Dyad/230524_Dyad 12/Blue/A1B/Videos/GX010544.MP4	3866.820	29.97	Dominant	Chases Male	Aggressive		POINT
311.189	C:/Users/qbiol/Dropbox (Queens College)/2023/Dyad/230524_Dyad 12/Blue/A1B/Videos/GX010544.MP4	3866.820	29.97	Dominant	Chases Male	Aggressive		POINT
312.689	C:/Users/qbiol/Dropbox (Queens College)/2023/Dyad/230524_Dyad 12/Blue/A1B/Videos/GX010544.MP4	3866.820	29.97	Dominant	Bite	Aggressive		POINT
318.689	C:/Users/qbiol/Dropbox (Queens College)/2023/Dyad/230524_Dyad 12/Blue/A1B/Videos/GX010544.MP4	3866.820	29.97	Dominant	Chases Male	Aggressive		POINT
332.719	C:/Users/qbiol/Dropbox (Queens College)/2023/Dyad/230524_Dyad 12/Blue/A1B/Videos/GX010544.MP4	3866.820	29.97	Dominant	Chases Male	Aggressive		POINT
334.220	C:/Users/qbiol/Dropbox (Queens College)/2023/Dyad/230524_Dyad 12/Blue/A1B/Videos/GX010544.MP4	3866.820	29.97	Dominant	Bite	Aggressive		POINT
343.993	C:/Users/qbiol/Dropbox (Queens College)/2023/Dyad/230524_Dyad 12/Blue/A1B/Videos/GX010544.MP4	3866.820	29.97	Dominant	Chases Male	Aggressive		POINT
346.247	C:/Users/qbiol/Dropbox (Queens College)/2023/Dyad/230524_Dyad 12/Blue/A1B/Videos/GX010544.MP4	3866.820	29.97	Dominant	Chases Male	Aggressive		POINT
359.501	C:/Users/qbiol/Dropbox (Queens College)/2023/Dyad/230524_Dyad 12/Blue/A1B/Videos/GX010544.MP4	3866.820	29.97	Dominant	Chases Male	Aggressive		POINT
361.257	C:/Users/qbiol/Dropbox (Queens College)/2023/Dyad/230524_Dyad 12/Blue/A1B/Videos/GX010544.MP4	3866.820	29.97	Dominant	Chases Male	Aggressive		POINT
362.761	C:/Users/qbiol/Dropbox (Queens College)/2023/Dyad/230524_Dyad 12/Blue/A1B/Videos/GX010544.MP4	3866.820	29.97	Dominant	Bite	Aggressive		POINT
372.262	C:/Users/qbiol/Dropbox (Queens College)/2023/Dyad/230524_Dyad 12/Blue/A1B/Videos/GX010544.MP4	3866.820	29.97	Dominant	Chases Male	Aggressive		POINT
378.262	C:/Users/qbiol/Dropbox (Queens College)/2023/Dyad/230524_Dyad 12/Blue/A1B/Videos/GX010544.MP4	3866.820	29.97	Dominant	Chases Male	Aggressive		POINT
384.285	C:/Users/qbiol/Dropbox (Queens College)/2023/Dyad/230524_Dyad 12/Blue/A1B/Videos/GX010544.MP4	3866.820	29.97	Dominant	Chases Male	Aggressive		POINT
385.284	C:/Users/qbiol/Dropbox (Queens College)/2023/Dyad/230524_Dyad 12/Blue/A1B/Videos/GX010544.MP4	3866.820	29.97	Dominant	Bite	Aggressive		POINT
388.282	C:/Users/qbiol/Dropbox (Queens College)/2023/Dyad/230524_Dyad 12/Blue/A1B/Videos/GX010544.MP4	3866.820	29.97	Dominant	Chases Male	Aggressive		POINT
402.803	C:/Users/qbiol/Dropbox (Queens College)/2023/Dyad/230524_Dyad 12/Blue/A1B/Videos/GX010544.MP4	3866.820	29.97	Dominant	Chases Male	Aggressive		POINT
403.053	C:/Users/qbiol/Dropbox (Queens College)/2023/Dyad/230524_Dyad 12/Blue/A1B/Videos/GX010544.MP4	3866.820	29.97	Dominant	Bite	Aggressive		POINT
409.808	C:/Users/qbiol/Dropbox (Queens College)/2023/Dyad/230524_Dyad 12/Blue/A1B/Videos/GX010544.MP4	3866.820	29.97	Dominant	Chases Male	Aggressive		POINT
413.060	C:/Users/qbiol/Dropbox (Queens College)/2023/Dyad/230524_Dyad 12/Blue/A1B/Videos/GX010544.MP4	3866.820	29.97	Dominant	Chases Male	Aggressive		POINT
413.311	C:/Users/qbiol/Dropbox (Queens College)/2023/Dyad/230524_Dyad 12/Blue/A1B/Videos/GX010544.MP4	3866.820	29.97	Dominant	Bite	Aggressive		POINT
423.322	C:/Users/qbiol/Dropbox (Queens College)/2023/Dyad/230524_Dyad 12/Blue/A1B/Videos/GX010544.MP4	3866.820	29.97	Dominant	Chases Male	Aggressive		POINT
425.073	C:/Users/qbiol/Dropbox (Queens College)/2023/Dyad/230524_Dyad 12/Blue/A1B/Videos/GX010544.MP4	3866.820	29.97	Dominant	Bite	Aggressive		POINT
428.825	C:/Users/qbiol/Dropbox (Queens College)/2023/Dyad/230524_Dyad 12/Blue/A1B/Videos/GX010544.MP4	3866.820	29.97	Dominant	Chases Male	Aggressive		POINT
437.826	C:/Users/qbiol/Dropbox (Queens College)/2023/Dyad/230524_Dyad 12/Blue/A1B/Videos/GX010544.MP4	3866.820	29.97	Dominant	Chases Female	Aggressive		POINT
441.343	C:/Users/qbiol/Dropbox (Queens College)/2023/Dyad/230524_Dyad 12/Blue/A1B/Videos/GX010544.MP4	3866.820	29.97	Dominant	bite female	Reproductive		POINT
443.842	C:/Users/qbiol/Dropbox (Queens College)/2023/Dyad/230524_Dyad 12/Blue/A1B/Videos/GX010544.MP4	3866.820	29.97	Dominant	bite female	Reproductive		POINT
448.091	C:/Users/qbiol/Dropbox (Queens College)/2023/Dyad/230524_Dyad 12/Blue/A1B/Videos/GX010544.MP4	3866.820	29.97	Dominant	Chases Female	Aggressive		POINT
453.600	C:/Users/qbiol/Dropbox (Queens College)/2023/Dyad/230524_Dyad 12/Blue/A1B/Videos/GX010544.MP4	3866.820	29.97	Dominant	bite female	Reproductive		POINT
464.113	C:/Users/qbiol/Dropbox (Queens College)/2023/Dyad/230524_Dyad 12/Blue/A1B/Videos/GX010544.MP4	3866.820	29.97	Dominant	Chases Female	Aggressive		POINT
465.116	C:/Users/qbiol/Dropbox (Queens College)/2023/Dyad/230524_Dyad 12/Blue/A1B/Videos/GX010544.MP4	3866.820	29.97	Dominant	Bite	Aggressive		POINT
493.389	C:/Users/qbiol/Dropbox (Queens College)/2023/Dyad/230524_Dyad 12/Blue/A1B/Videos/GX010544.MP4	3866.820	29.97	Dominant	Chases Male	Aggressive		POINT
495.391	C:/Users/qbiol/Dropbox (Queens College)/2023/Dyad/230524_Dyad 12/Blue/A1B/Videos/GX010544.MP4	3866.820	29.97	Dominant	Chases Male	Aggressive		POINT
519.919	C:/Users/qbiol/Dropbox (Queens College)/2023/Dyad/230524_Dyad 12/Blue/A1B/Videos/GX010544.MP4	3866.820	29.97	Dominant	Lateral Side Display	Aggressive		POINT
539.921	C:/Users/qbiol/Dropbox (Queens College)/2023/Dyad/230524_Dyad 12/Blue/A1B/Videos/GX010544.MP4	3866.820	29.97	Dominant	Quiver Male	Aggressive		POINT
547.667	C:/Users/qbiol/Dropbox (Queens College)/2023/Dyad/230524_Dyad 12/Blue/A1B/Videos/GX010544.MP4	3866.820	29.97	Dominant	Bite	Aggressive		POINT
549.950	C:/Users/qbiol/Dropbox (Queens College)/2023/Dyad/230524_Dyad 12/Blue/A1B/Videos/GX010544.MP4	3866.820	29.97	Dominant	Bite	Aggressive		POINT
551.204	C:/Users/qbiol/Dropbox (Queens College)/2023/Dyad/230524_Dyad 12/Blue/A1B/Videos/GX010544.MP4	3866.820	29.97	Dominant	Chases Male	Aggressive		POINT
552.453	C:/Users/qbiol/Dropbox (Queens College)/2023/Dyad/230524_Dyad 12/Blue/A1B/Videos/GX010544.MP4	3866.820	29.97	Dominant	Bite	Aggressive		POINT
553.953	C:/Users/qbiol/Dropbox (Queens College)/2023/Dyad/230524_Dyad 12/Blue/A1B/Videos/GX010544.MP4	3866.820	29.97	Dominant	Bite	Aggressive		POINT
555.453	C:/Users/qbiol/Dropbox (Queens College)/2023/Dyad/230524_Dyad 12/Blue/A1B/Videos/GX010544.MP4	3866.820	29.97	Dominant	Bite	Aggressive		POINT
557.454	C:/Users/qbiol/Dropbox (Queens College)/2023/Dyad/230524_Dyad 12/Blue/A1B/Videos/GX010544.MP4	3866.820	29.97	Dominant	Bite	Aggressive		POINT
559.702	C:/Users/qbiol/Dropbox (Queens College)/2023/Dyad/230524_Dyad 12/Blue/A1B/Videos/GX010544.MP4	3866.820	29.97	Dominant	Chases Male	Aggressive		POINT
559.957	C:/Users/qbiol/Dropbox (Queens College)/2023/Dyad/230524_Dyad 12/Blue/A1B/Videos/GX010544.MP4	3866.820	29.97	Dominant	Bite	Aggressive		POINT
573.453	C:/Users/qbiol/Dropbox (Queens College)/2023/Dyad/230524_Dyad 12/Blue/A1B/Videos/GX010544.MP4	3866.820	29.97	Dominant	Chases Male	Aggressive		POINT
600.756	C:/Users/qbiol/Dropbox (Queens College)/2023/Dyad/230524_Dyad 12/Blue/A1B/Videos/GX010544.MP4	3866.820	29.97	Dominant	Bite	Aggressive		POINT
601.503	C:/Users/qbiol/Dropbox (Queens College)/2023/Dyad/230524_Dyad 12/Blue/A1B/Videos/GX010544.MP4	3866.820	29.97	Dominant	Bite	Aggressive		POINT
602.504	C:/Users/qbiol/Dropbox (Queens College)/2023/Dyad/230524_Dyad 12/Blue/A1B/Videos/GX010544.MP4	3866.820	29.97	Dominant	Chases Male	Aggressive		POINT
604.003	C:/Users/qbiol/Dropbox (Queens College)/2023/Dyad/230524_Dyad 12/Blue/A1B/Videos/GX010544.MP4	3866.820	29.97	Dominant	bite female	Reproductive		POINT
605.754	C:/Users/qbiol/Dropbox (Queens College)/2023/Dyad/230524_Dyad 12/Blue/A1B/Videos/GX010544.MP4	3866.820	29.97	Dominant	bite female	Reproductive		POINT
608.005	C:/Users/qbiol/Dropbox (Queens College)/2023/Dyad/230524_Dyad 12/Blue/A1B/Videos/GX010544.MP4	3866.820	29.97	Dominant	Chases Male	Aggressive		POINT
612.758	C:/Users/qbiol/Dropbox (Queens College)/2023/Dyad/230524_Dyad 12/Blue/A1B/Videos/GX010544.MP4	3866.820	29.97	Dominant	Bite	Aggressive		POINT
627.757	C:/Users/qbiol/Dropbox (Queens College)/2023/Dyad/230524_Dyad 12/Blue/A1B/Videos/GX010544.MP4	3866.820	29.97	Dominant	Bite	Aggressive		POINT
631.006	C:/Users/qbiol/Dropbox (Queens College)/2023/Dyad/230524_Dyad 12/Blue/A1B/Videos/GX010544.MP4	3866.820	29.97	Dominant	Chases Male	Aggressive		POINT
634.533	C:/Users/qbiol/Dropbox (Queens College)/2023/Dyad/230524_Dyad 12/Blue/A1B/Videos/GX010544.MP4	3866.820	29.97	Dominant	Bite	Aggressive		POINT
635.784	C:/Users/qbiol/Dropbox (Queens College)/2023/Dyad/230524_Dyad 12/Blue/A1B/Videos/GX010544.MP4	3866.820	29.97	Dominant	bite female	Reproductive		POINT
643.041	C:/Users/qbiol/Dropbox (Queens College)/2023/Dyad/230524_Dyad 12/Blue/A1B/Videos/GX010544.MP4	3866.820	29.97	Dominant	Chases Male	Aggressive		POINT
645.291	C:/Users/qbiol/Dropbox (Queens College)/2023/Dyad/230524_Dyad 12/Blue/A1B/Videos/GX010544.MP4	3866.820	29.97	Dominant	Chases Male	Aggressive		POINT
645.793	C:/Users/qbiol/Dropbox (Queens College)/2023/Dyad/230524_Dyad 12/Blue/A1B/Videos/GX010544.MP4	3866.820	29.97	Dominant	Bite	Aggressive		POINT
647.042	C:/Users/qbiol/Dropbox (Queens College)/2023/Dyad/230524_Dyad 12/Blue/A1B/Videos/GX010544.MP4	3866.820	29.97	Dominant	Bite	Aggressive		POINT
648.293	C:/Users/qbiol/Dropbox (Queens College)/2023/Dyad/230524_Dyad 12/Blue/A1B/Videos/GX010544.MP4	3866.820	29.97	Dominant	Chases Male	Aggressive		POINT
656.806	C:/Users/qbiol/Dropbox (Queens College)/2023/Dyad/230524_Dyad 12/Blue/A1B/Videos/GX010544.MP4	3866.820	29.97	Dominant	Chases Female	Aggressive		POINT
657.557	C:/Users/qbiol/Dropbox (Queens College)/2023/Dyad/230524_Dyad 12/Blue/A1B/Videos/GX010544.MP4	3866.820	29.97	Dominant	Chases Female	Aggressive		POINT
657.557	C:/Users/qbiol/Dropbox (Queens College)/2023/Dyad/230524_Dyad 12/Blue/A1B/Videos/GX010544.MP4	3866.820	29.97	Dominant	bite female	Reproductive		POINT
659.058	C:/Users/qbiol/Dropbox (Queens College)/2023/Dyad/230524_Dyad 12/Blue/A1B/Videos/GX010544.MP4	3866.820	29.97	Dominant	bite female	Reproductive		POINT
667.067	C:/Users/qbiol/Dropbox (Queens College)/2023/Dyad/230524_Dyad 12/Blue/A1B/Videos/GX010544.MP4	3866.820	29.97	Dominant	Bite	Aggressive		POINT
667.317	C:/Users/qbiol/Dropbox (Queens College)/2023/Dyad/230524_Dyad 12/Blue/A1B/Videos/GX010544.MP4	3866.820	29.97	Dominant	head on head fight	Aggressive		POINT
680.068	C:/Users/qbiol/Dropbox (Queens College)/2023/Dyad/230524_Dyad 12/Blue/A1B/Videos/GX010544.MP4	3866.820	29.97	Dominant	Chases Male	Aggressive		POINT
681.068	C:/Users/qbiol/Dropbox (Queens College)/2023/Dyad/230524_Dyad 12/Blue/A1B/Videos/GX010544.MP4	3866.820	29.97	Dominant	Bite	Aggressive		POINT
1013.291	C:/Users/qbiol/Dropbox (Queens College)/2023/Dyad/230524_Dyad 12/Blue/A1B/Videos/GX010544.MP4	3866.820	29.97	Dominant	Foraging	Other		POINT
1035.039	C:/Users/qbiol/Dropbox (Queens College)/2023/Dyad/230524_Dyad 12/Blue/A1B/Videos/GX010544.MP4	3866.820	29.97	Dominant	Foraging	Other		POINT
1077.980	C:/Users/qbiol/Dropbox (Queens College)/2023/Dyad/230524_Dyad 12/Blue/A1B/Videos/GX020544.MP4	3866.820	29.97	Dominant	Foraging	Other		POINT
1173.978	C:/Users/qbiol/Dropbox (Queens College)/2023/Dyad/230524_Dyad 12/Blue/A1B/Videos/GX020544.MP4	3866.820	29.97	Dominant	Foraging	Other		POINT
1203.228	C:/Users/qbiol/Dropbox (Queens College)/2023/Dyad/230524_Dyad 12/Blue/A1B/Videos/GX020544.MP4	3866.820	29.97	Dominant	Foraging	Other		POINT
1208.976	C:/Users/qbiol/Dropbox (Queens College)/2023/Dyad/230524_Dyad 12/Blue/A1B/Videos/GX020544.MP4	3866.820	29.97	Dominant	Foraging	Other		POINT
1218.728	C:/Users/qbiol/Dropbox (Queens College)/2023/Dyad/230524_Dyad 12/Blue/A1B/Videos/GX020544.MP4	3866.820	29.97	Dominant	Foraging	Other		POINT
1226.728	C:/Users/qbiol/Dropbox (Queens College)/2023/Dyad/230524_Dyad 12/Blue/A1B/Videos/GX020544.MP4	3866.820	29.97	Dominant	Foraging	Other		POINT
1285.726	C:/Users/qbiol/Dropbox (Queens College)/2023/Dyad/230524_Dyad 12/Blue/A1B/Videos/GX020544.MP4	3866.820	29.97	Dominant	Foraging	Other		POINT
1434.958	C:/Users/qbiol/Dropbox (Queens College)/2023/Dyad/230524_Dyad 12/Blue/A1B/Videos/GX020544.MP4	3866.820	29.97	Dominant	Foraging	Other		POINT
1455.460	C:/Users/qbiol/Dropbox (Queens College)/2023/Dyad/230524_Dyad 12/Blue/A1B/Videos/GX020544.MP4	3866.820	29.97	Dominant	Foraging	Other		POINT
1491.206	C:/Users/qbiol/Dropbox (Queens College)/2023/Dyad/230524_Dyad 12/Blue/A1B/Videos/GX020544.MP4	3866.820	29.97	Dominant	Foraging	Other		POINT
1496.456	C:/Users/qbiol/Dropbox (Queens College)/2023/Dyad/230524_Dyad 12/Blue/A1B/Videos/GX020544.MP4	3866.820	29.97	Dominant	Foraging	Other		POINT
1535.956	C:/Users/qbiol/Dropbox (Queens College)/2023/Dyad/230524_Dyad 12/Blue/A1B/Videos/GX020544.MP4	3866.820	29.97	Dominant	Foraging	Other		POINT
1639.958	C:/Users/qbiol/Dropbox (Queens College)/2023/Dyad/230524_Dyad 12/Blue/A1B/Videos/GX020544.MP4	3866.820	29.97	Dominant	Foraging	Other		POINT
1740.456	C:/Users/qbiol/Dropbox (Queens College)/2023/Dyad/230524_Dyad 12/Blue/A1B/Videos/GX020544.MP4	3866.820	29.97	Dominant	Foraging	Other		POINT
1798.956	C:/Users/qbiol/Dropbox (Queens College)/2023/Dyad/230524_Dyad 12/Blue/A1B/Videos/GX020544.MP4	3866.820	29.97	Dominant	Foraging	Other		POINT
1886.456	C:/Users/qbiol/Dropbox (Queens College)/2023/Dyad/230524_Dyad 12/Blue/A1B/Videos/GX020544.MP4	3866.820	29.97	Dominant	Foraging	Other		POINT
1939.206	C:/Users/qbiol/Dropbox (Queens College)/2023/Dyad/230524_Dyad 12/Blue/A1B/Videos/GX020544.MP4	3866.820	29.97	Dominant	Foraging	Other		POINT
2110.458	C:/Users/qbiol/Dropbox (Queens College)/2023/Dyad/230524_Dyad 12/Blue/A1B/Videos/GX020544.MP4	3866.820	29.97	Dominant	Foraging	Other		POINT
2192.288	C:/Users/qbiol/Dropbox (Queens College)/2023/Dyad/230524_Dyad 12/Blue/A1B/Videos/GX030544.MP4	3866.820	29.97	Dominant	Foraging	Other		POINT
2290.538	C:/Users/qbiol/Dropbox (Queens College)/2023/Dyad/230524_Dyad 12/Blue/A1B/Videos/GX030544.MP4	3866.820	29.97	Dominant	Foraging	Other		POINT
2297.540	C:/Users/qbiol/Dropbox (Queens College)/2023/Dyad/230524_Dyad 12/Blue/A1B/Videos/GX030544.MP4	3866.820	29.97	Dominant	Foraging	Other		POINT
2313.788	C:/Users/qbiol/Dropbox (Queens College)/2023/Dyad/230524_Dyad 12/Blue/A1B/Videos/GX030544.MP4	3866.820	29.97	Dominant	Foraging	Other		POINT
2384.536	C:/Users/qbiol/Dropbox (Queens College)/2023/Dyad/230524_Dyad 12/Blue/A1B/Videos/GX030544.MP4	3866.820	29.97	Dominant	Foraging	Other		POINT
2397.286	C:/Users/qbiol/Dropbox (Queens College)/2023/Dyad/230524_Dyad 12/Blue/A1B/Videos/GX030544.MP4	3866.820	29.97	Dominant	Foraging	Other		POINT
2442.786	C:/Users/qbiol/Dropbox (Queens College)/2023/Dyad/230524_Dyad 12/Blue/A1B/Videos/GX030544.MP4	3866.820	29.97	Dominant	Foraging	Other		POINT
2457.538	C:/Users/qbiol/Dropbox (Queens College)/2023/Dyad/230524_Dyad 12/Blue/A1B/Videos/GX030544.MP4	3866.820	29.97	Dominant	Foraging	Other		POINT
2468.036	C:/Users/qbiol/Dropbox (Queens College)/2023/Dyad/230524_Dyad 12/Blue/A1B/Videos/GX030544.MP4	3866.820	29.97	Dominant	Foraging	Other		POINT
2507.038	C:/Users/qbiol/Dropbox (Queens College)/2023/Dyad/230524_Dyad 12/Blue/A1B/Videos/GX030544.MP4	3866.820	29.97	Dominant	Foraging	Other		POINT
2567.038	C:/Users/qbiol/Dropbox (Queens College)/2023/Dyad/230524_Dyad 12/Blue/A1B/Videos/GX030544.MP4	3866.820	29.97	Dominant	Foraging	Other		POINT
2608.038	C:/Users/qbiol/Dropbox (Queens College)/2023/Dyad/230524_Dyad 12/Blue/A1B/Videos/GX030544.MP4	3866.820	29.97	Dominant	Foraging	Other		POINT
2621.040	C:/Users/qbiol/Dropbox (Queens College)/2023/Dyad/230524_Dyad 12/Blue/A1B/Videos/GX030544.MP4	3866.820	29.97	Dominant	Foraging	Other		POINT
2639.538	C:/Users/qbiol/Dropbox (Queens College)/2023/Dyad/230524_Dyad 12/Blue/A1B/Videos/GX030544.MP4	3866.820	29.97	Dominant	Foraging	Other		POINT
2666.540	C:/Users/qbiol/Dropbox (Queens College)/2023/Dyad/230524_Dyad 12/Blue/A1B/Videos/GX030544.MP4	3866.820	29.97	Dominant	Foraging	Other		POINT
2678.288	C:/Users/qbiol/Dropbox (Queens College)/2023/Dyad/230524_Dyad 12/Blue/A1B/Videos/GX030544.MP4	3866.820	29.97	Dominant	Foraging	Other		POINT
2761.538	C:/Users/qbiol/Dropbox (Queens College)/2023/Dyad/230524_Dyad 12/Blue/A1B/Videos/GX030544.MP4	3866.820	29.97	Dominant	Foraging	Other		POINT
2769.038	C:/Users/qbiol/Dropbox (Queens College)/2023/Dyad/230524_Dyad 12/Blue/A1B/Videos/GX030544.MP4	3866.820	29.97	Dominant	Foraging	Other		POINT
2781.538	C:/Users/qbiol/Dropbox (Queens College)/2023/Dyad/230524_Dyad 12/Blue/A1B/Videos/GX030544.MP4	3866.820	29.97	Dominant	Foraging	Other		POINT
2815.290	C:/Users/qbiol/Dropbox (Queens College)/2023/Dyad/230524_Dyad 12/Blue/A1B/Videos/GX030544.MP4	3866.820	29.97	Dominant	Foraging	Other		POINT
2833.036	C:/Users/qbiol/Dropbox (Queens College)/2023/Dyad/230524_Dyad 12/Blue/A1B/Videos/GX030544.MP4	3866.820	29.97	Dominant	Foraging	Other		POINT
2863.788	C:/Users/qbiol/Dropbox (Queens College)/2023/Dyad/230524_Dyad 12/Blue/A1B/Videos/GX030544.MP4	3866.820	29.97	Dominant	Foraging	Other		POINT
2885.788	C:/Users/qbiol/Dropbox (Queens College)/2023/Dyad/230524_Dyad 12/Blue/A1B/Videos/GX030544.MP4	3866.820	29.97	Dominant	Foraging	Other		POINT
2896.788	C:/Users/qbiol/Dropbox (Queens College)/2023/Dyad/230524_Dyad 12/Blue/A1B/Videos/GX030544.MP4	3866.820	29.97	Dominant	Foraging	Other		POINT
2911.790	C:/Users/qbiol/Dropbox (Queens College)/2023/Dyad/230524_Dyad 12/Blue/A1B/Videos/GX030544.MP4	3866.820	29.97	Dominant	Foraging	Other		POINT
2932.036	C:/Users/qbiol/Dropbox (Queens College)/2023/Dyad/230524_Dyad 12/Blue/A1B/Videos/GX030544.MP4	3866.820	29.97	Dominant	Foraging	Other		POINT
2951.538	C:/Users/qbiol/Dropbox (Queens College)/2023/Dyad/230524_Dyad 12/Blue/A1B/Videos/GX030544.MP4	3866.820	29.97	Dominant	Foraging	Other		POINT
2966.288	C:/Users/qbiol/Dropbox (Queens College)/2023/Dyad/230524_Dyad 12/Blue/A1B/Videos/GX030544.MP4	3866.820	29.97	Dominant	Foraging	Other		POINT
2980.034	C:/Users/qbiol/Dropbox (Queens College)/2023/Dyad/230524_Dyad 12/Blue/A1B/Videos/GX030544.MP4	3866.820	29.97	Dominant	Foraging	Other		POINT
3000.538	C:/Users/qbiol/Dropbox (Queens College)/2023/Dyad/230524_Dyad 12/Blue/A1B/Videos/GX030544.MP4	3866.820	29.97	Dominant	Foraging	Other		POINT
3010.288	C:/Users/qbiol/Dropbox (Queens College)/2023/Dyad/230524_Dyad 12/Blue/A1B/Videos/GX030544.MP4	3866.820	29.97	Dominant	Foraging	Other		POINT
3020.788	C:/Users/qbiol/Dropbox (Queens College)/2023/Dyad/230524_Dyad 12/Blue/A1B/Videos/GX030544.MP4	3866.820	29.97	Dominant	Foraging	Other		POINT
3041.038	C:/Users/qbiol/Dropbox (Queens College)/2023/Dyad/230524_Dyad 12/Blue/A1B/Videos/GX030544.MP4	3866.820	29.97	Dominant	Foraging	Other		POINT
3046.786	C:/Users/qbiol/Dropbox (Queens College)/2023/Dyad/230524_Dyad 12/Blue/A1B/Videos/GX030544.MP4	3866.820	29.97	Dominant	Foraging	Other		POINT
3057.288	C:/Users/qbiol/Dropbox (Queens College)/2023/Dyad/230524_Dyad 12/Blue/A1B/Videos/GX030544.MP4	3866.820	29.97	Dominant	Foraging	Other		POINT
3073.288	C:/Users/qbiol/Dropbox (Queens College)/2023/Dyad/230524_Dyad 12/Blue/A1B/Videos/GX030544.MP4	3866.820	29.97	Dominant	Foraging	Other		POINT
3096.040	C:/Users/qbiol/Dropbox (Queens College)/2023/Dyad/230524_Dyad 12/Blue/A1B/Videos/GX030544.MP4	3866.820	29.97	Dominant	Foraging	Other		POINT
3154.538	C:/Users/qbiol/Dropbox (Queens College)/2023/Dyad/230524_Dyad 12/Blue/A1B/Videos/GX030544.MP4	3866.820	29.97	Dominant	Foraging	Other		POINT
3178.608	C:/Users/qbiol/Dropbox (Queens College)/2023/Dyad/230524_Dyad 12/Blue/A1B/Videos/GX040544.MP4	3866.820	29.97	Dominant	Foraging	Other		POINT
3194.110	C:/Users/qbiol/Dropbox (Queens College)/2023/Dyad/230524_Dyad 12/Blue/A1B/Videos/GX040544.MP4	3866.820	29.97	Dominant	Foraging	Other		POINT
3237.892	C:/Users/qbiol/Dropbox (Queens College)/2023/Dyad/230524_Dyad 12/Blue/A1B/Videos/GX040544.MP4	3866.820	29.97	Dominant	Foraging	Other		POINT
3251.858	C:/Users/qbiol/Dropbox (Queens College)/2023/Dyad/230524_Dyad 12/Blue/A1B/Videos/GX040544.MP4	3866.820	29.97	Dominant	Foraging	Other		POINT
3314.124	C:/Users/qbiol/Dropbox (Queens College)/2023/Dyad/230524_Dyad 12/Blue/A1B/Videos/GX040544.MP4	3866.820	29.97	Dominant	Foraging	Other		POINT
3327.110	C:/Users/qbiol/Dropbox (Queens College)/2023/Dyad/230524_Dyad 12/Blue/A1B/Videos/GX040544.MP4	3866.820	29.97	Dominant	Foraging	Other		POINT
3340.856	C:/Users/qbiol/Dropbox (Queens College)/2023/Dyad/230524_Dyad 12/Blue/A1B/Videos/GX040544.MP4	3866.820	29.97	Dominant	Foraging	Other		POINT
3373.108	C:/Users/qbiol/Dropbox (Queens College)/2023/Dyad/230524_Dyad 12/Blue/A1B/Videos/GX040544.MP4	3866.820	29.97	Dominant	Foraging	Other		POINT
3408.358	C:/Users/qbiol/Dropbox (Queens College)/2023/Dyad/230524_Dyad 12/Blue/A1B/Videos/GX040544.MP4	3866.820	29.97	Dominant	Foraging	Other		POINT
3435.360	C:/Users/qbiol/Dropbox (Queens College)/2023/Dyad/230524_Dyad 12/Blue/A1B/Videos/GX040544.MP4	3866.820	29.97	Dominant	Foraging	Other		POINT
3447.358	C:/Users/qbiol/Dropbox (Queens College)/2023/Dyad/230524_Dyad 12/Blue/A1B/Videos/GX040544.MP4	3866.820	29.97	Dominant	Foraging	Other		POINT
3464.606	C:/Users/qbiol/Dropbox (Queens College)/2023/Dyad/230524_Dyad 12/Blue/A1B/Videos/GX040544.MP4	3866.820	29.97	Dominant	Foraging	Other		POINT
3525.358	C:/Users/qbiol/Dropbox (Queens College)/2023/Dyad/230524_Dyad 12/Blue/A1B/Videos/GX040544.MP4	3866.820	29.97	Dominant	Foraging	Other		POINT
3578.356	C:/Users/qbiol/Dropbox (Queens College)/2023/Dyad/230524_Dyad 12/Blue/A1B/Videos/GX040544.MP4	3866.820	29.97	Dominant	Foraging	Other		POINT
3596.608	C:/Users/qbiol/Dropbox (Queens College)/2023/Dyad/230524_Dyad 12/Blue/A1B/Videos/GX040544.MP4	3866.820	29.97	Dominant	Foraging	Other		POINT
3607.858	C:/Users/qbiol/Dropbox (Queens College)/2023/Dyad/230524_Dyad 12/Blue/A1B/Videos/GX040544.MP4	3866.820	29.97	Dominant	Foraging	Other		POINT
3618.108	C:/Users/qbiol/Dropbox (Queens College)/2023/Dyad/230524_Dyad 12/Blue/A1B/Videos/GX040544.MP4	3866.820	29.97	Dominant	Foraging	Other		POINT
3696.860	C:/Users/qbiol/Dropbox (Queens College)/2023/Dyad/230524_Dyad 12/Blue/A1B/Videos/GX040544.MP4	3866.820	29.97	Dominant	Foraging	Other		POINT
3726.356	C:/Users/qbiol/Dropbox (Queens College)/2023/Dyad/230524_Dyad 12/Blue/A1B/Videos/GX040544.MP4	3866.820	29.97	Dominant	Foraging	Other		POINT
3796.360	C:/Users/qbiol/Dropbox (Queens College)/2023/Dyad/230524_Dyad 12/Blue/A1B/Videos/GX040544.MP4	3866.820	29.97	Dominant	Foraging	Other		POINT
3808.860	C:/Users/qbiol/Dropbox (Queens College)/2023/Dyad/230524_Dyad 12/Blue/A1B/Videos/GX040544.MP4	3866.820	29.97	Dominant	Foraging	Other		POINT
3852.358	C:/Users/qbiol/Dropbox (Queens College)/2023/Dyad/230524_Dyad 12/Blue/A1B/Videos/GX040544.MP4	3866.820	29.97	Dominant	Foraging	Other		POINT
